id,revenue
3001,24840626.83181402
3002,0.0
3003,7873000.356891561
3004,27149693.95108703
3005,0.0
3006,9600475.251996618
3007,315973.8355781771
3008,92946109.79637234
3009,46158898.46180534
3010,265467126.70186132
3011,0.0
3012,0.0
3013,16612551.346554333
3014,0.0
3015,89668286.33117591
3016,0.0
3017,140498951.38591868
3018,249192812.61623138
3019,741422.7602983415
3020,535618444.7357916
3021,85658193.77122107
3022,72709231.585755
3023,0.0
3024,70184567.15522912
3025,0.0
3026,97108367.2454989
3027,5142046.336458754
3028,127592721.61798364
3029,141407603.55747494
3030,87230321.2955596
3031,22670922.27174693
3032,3203052.4195870417
3033,0.0
3034,0.0
3035,3207658.6517106444
3036,64158386.43635644
3037,61436212.54746456
3038,57529896.94102325
3039,53886866.42783344
3040,13000121.94894326
3041,30610382.87098505
3042,0.0
3043,12518503.346943654
3044,13951114.562365824
3045,360215106.28023934
3046,0.0
3047,13449398.149709156
3048,34710651.56997223
3049,5726074.4284433825
3050,32352102.839311063
3051,0.0
3052,50616093.11299331
3053,0.0
3054,0.0
3055,88087515.19724607
3056,0.0
3057,124349332.51023594
3058,476681368.9433616
3059,0.0
3060,113406015.30858985
3061,41810153.24495956
3062,65277278.20485523
3063,62141735.65170165
3064,124047925.631342
3065,51903421.79318111
3066,107177208.58206506
3067,7936263.416159824
3068,61273210.31623922
3069,351656255.1867392
3070,0.0
3071,24162966.99956969
3072,435970604.33958
3073,0.0
3074,0.0
3075,52260145.29491915
3076,170465061.97985303
3077,38712823.61466117
3078,110361582.97429356
3079,70578086.03032981
3080,148918485.43716767
3081,26661292.734370343
3082,5628084.866123511
3083,28501665.27677878
3084,21407145.50714203
3085,65860934.47802052
3086,101734401.99505922
3087,0.0
3088,0.0
3089,0.0
3090,59610932.60145563
3091,66341814.18786995
3092,4875879.851890057
3093,231299501.9087135
3094,133942007.41874382
3095,67122156.76734146
3096,0.0
3097,674918437.886033
3098,23151086.593139715
3099,98412206.0669838
3100,15204493.756384065
3101,14046851.58562503
3102,11088159.23209104
3103,0.0
3104,0.0
3105,196081411.0424799
3106,188427461.4158125
3107,56054131.82857086
3108,13080023.25301779
3109,4605214.323165428
3110,430962413.5094858
3111,17998503.179807432
3112,0.0
3113,19437474.98920291
3114,38494925.04680939
3115,67733040.45458843
3116,11072129.130271643
3117,0.0
3118,5812832.537205958
3119,298682050.4852314
3120,247276085.09617785
3121,0.0
3122,14568559.357797224
3123,33177962.36639096
3124,7280178.528103887
3125,0.0
3126,43180223.96096732
3127,2152867.2885077745
3128,57134467.65318921
3129,119551528.23438212
3130,11860555.073424812
3131,2274674.62653083
3132,5190334.46575601
3133,0.0
3134,12556911.902577393
3135,0.0
3136,5469532.263479851
3137,216623828.7051746
3138,0.0
3139,56019125.20409525
3140,116902181.85319744
3141,22100374.765116684
3142,0.0
3143,188758319.2948829
3144,61675744.92271034
3145,18639236.815498333
3146,0.0
3147,28101935.03929907
3148,12489505.73657366
3149,110513597.65254134
3150,136580659.1825807
3151,10207064.881698787
3152,35328248.26685103
3153,14617960.677589916
3154,18956734.547558773
3155,48530998.10359011
3156,33506176.963298634
3157,24095103.023244213
3158,122705483.72522885
3159,10649504.062533015
3160,3185318.5284589343
3161,0.0
3162,17659919.773520917
3163,50834190.7239489
3164,2695027.4198112264
3165,0.0
3166,0.0
3167,73757905.36354657
3168,3253381.5430289544
3169,14644733.878476733
3170,23516976.813206706
3171,22748646.28286118
3172,64695336.41381769
3173,0.0
3174,1772643.6446790937
3175,18603812.49882012
3176,50443657.45751939
3177,86108670.13226545
3178,8550383.823889187
3179,5388299.628555643
3180,9492292.19338581
3181,0.0
3182,177576729.1711371
3183,33045084.29649289
3184,16120842.966787785
3185,167846393.63590097
3186,58071124.68396175
3187,822483.9071134777
3188,32510548.26971148
3189,120513655.69087136
3190,29532996.03103395
3191,30572017.47822789
3192,20804708.80933025
3193,169137665.3634935
3194,111624085.90062068
3195,0.0
3196,5724123.53397356
3197,39453684.62218529
3198,172157578.9986466
3199,277106899.5631702
3200,24901833.05680067
3201,68690150.04475647
3202,0.0
3203,0.0
3204,0.0
3205,0.0
3206,15174311.485057153
3207,79762269.18652515
3208,26248765.55650784
3209,0.0
3210,368209171.12375623
3211,0.0
3212,88651480.58781439
3213,79982152.86139451
3214,0.0
3215,1527608.5713346042
3216,24673266.63615183
3217,370010225.81011814
3218,0.0
3219,1280653.3577574566
3220,140146522.66781154
3221,17127941.40238388
3222,396009.7711790428
3223,9939456.97648513
3224,0.0
3225,3931870.983392008
3226,13826463.859619996
3227,169757468.0295032
3228,192602593.63949504
3229,202054798.7871909
3230,28162375.20453285
3231,42289078.76206441
3232,17241212.831860818
3233,26570787.939562485
3234,10645345.579910092
3235,24933052.06318799
3236,0.0
3237,49276424.29594202
3238,18494877.50305845
3239,0.0
3240,332827035.69152683
3241,0.0
3242,0.0
3243,0.0
3244,0.0
3245,15972361.509001864
3246,87363323.41345501
3247,37467316.549522616
3248,89656729.56556417
3249,73835465.43068907
3250,352070263.7783977
3251,0.0
3252,22920870.47783416
3253,42839312.25220394
3254,0.0
3255,8292782.674851455
3256,55491089.2137194
3257,27336395.818742365
3258,9800994.358431108
3259,50274117.00092782
3260,6984379.780044557
3261,354883854.38229585
3262,16637368.047511445
3263,0.0
3264,0.0
3265,0.0
3266,0.0
3267,39295379.25441345
3268,0.0
3269,63647841.39086928
3270,93174558.63252388
3271,6165860.120388571
3272,46425257.78792254
3273,34681527.30534896
3274,276030345.115543
3275,14898393.492158445
3276,0.0
3277,1918709.6938877143
3278,146067493.0893096
3279,20702498.154879764
3280,371203682.6381028
3281,0.0
3282,0.0
3283,404902606.44508576
3284,35067577.46559722
3285,116791426.1240394
3286,0.0
3287,4728687.626212645
3288,33830295.44277258
3289,51751116.26841167
3290,91558654.18997116
3291,42931175.93363133
3292,198076955.48944867
3293,96204713.84418459
3294,19660338.90340118
3295,0.0
3296,0.0
3297,13964497.636298195
3298,109525675.80766246
3299,981682.1072266214
3300,59205450.54736938
3301,0.0
3302,41665165.14061327
3303,12505156.668180738
3304,16332037.851391878
3305,36079737.556406796
3306,0.0
3307,62634172.90602893
3308,26830059.43133601
3309,628834.9250529744
3310,9938352.533558428
3311,0.0
3312,9425155.139133727
3313,96953647.64905788
3314,4102180.1091686
3315,123323068.98091976
3316,39737848.629697494
3317,8591042.961992536
3318,0.0
3319,0.0
3320,17426622.953547575
3321,357912.6476025395
3322,0.0
3323,164223494.0396429
3324,14255304.255092924
3325,131820399.17113192
3326,210990071.19236973
3327,60786536.51925402
3328,56511889.77018301
3329,15731424.974872915
3330,165837633.78437915
3331,12517286.521724887
3332,64528262.36364414
3333,479637107.335802
3334,0.0
3335,117122260.38952902
3336,19221393.63399945
3337,0.0
3338,15912115.71004104
3339,0.0
3340,135811386.23574314
3341,18871675.542808127
3342,38882480.45366692
3343,83454324.55842417
3344,0.0
3345,7717507.38052658
3346,60809248.00372708
3347,0.0
3348,73466814.58957452
3349,79807494.70084892
3350,179279216.5024203
3351,70230215.24473749
3352,38912654.88926238
3353,104718912.91836828
3354,14438977.851949746
3355,0.0
3356,8200588.321850285
3357,0.0
3358,7820366.63136686
3359,46692418.40276678
3360,4883.0506899748
3361,193963922.7338912
3362,11669163.05168261
3363,18182133.32598409
3364,17314090.657246806
3365,0.0
3366,137029838.92609233
3367,155010300.53424993
3368,0.0
3369,60863951.77232206
3370,51773349.70997378
3371,64046763.8715833
3372,56601558.95455155
3373,57073487.83064297
3374,8755854.589672491
3375,118419377.97955091
3376,51400326.5228745
3377,0.0
3378,8365282.466268085
3379,229650601.41040584
3380,74863716.97999497
3381,16752175.236600265
3382,0.0
3383,0.0
3384,68768808.53921986
3385,109810442.20307204
3386,0.0
3387,37927553.9821977
3388,166472128.04823187
3389,522237371.5128506
3390,0.0
3391,15913576.020021943
3392,10515851.80041148
3393,16407160.036353573
3394,174897008.88760966
3395,152590054.69753638
3396,0.0
3397,0.0
3398,266646678.7499825
3399,127044100.70640992
3400,11355241.088240985
3401,0.0
3402,0.0
3403,413093549.2249795
3404,2640707.203697856
3405,36795684.61839003
3406,208512168.7934889
3407,319105824.11859363
3408,74579647.801929
3409,12965728.628261048
3410,52649884.60685137
3411,95070946.2555086
3412,58616125.70831749
3413,114568267.45512436
3414,0.0
3415,22328511.978849225
3416,93344894.82504664
3417,85509778.18314795
3418,37706072.552154094
3419,349659771.06848484
3420,603699.4628568888
3421,25439212.05933631
3422,0.0
3423,415996410.9428132
3424,0.0
3425,6485804.773339186
3426,23261522.192506835
3427,61241427.82393892
3428,0.0
3429,34010817.98650127
3430,496038066.15259326
3431,0.0
3432,15318865.196873158
3433,58077147.90102834
3434,10794638.992630137
3435,295081668.70188934
3436,237010196.8368189
3437,0.0
3438,15062425.17366115
3439,123104617.5003823
3440,93917975.06111254
3441,107151506.11184517
3442,0.0
3443,865647.5262095667
3444,0.0
3445,64505595.991306104
3446,0.0
3447,1836499.6581866704
3448,59334010.42136048
3449,10998481.74536064
3450,76731207.8594126
3451,51747461.16491448
3452,43916449.43326449
3453,64377567.95390654
3454,68321591.87091398
3455,0.0
3456,98317907.95081934
3457,26147428.12257177
3458,254211348.76489067
3459,497353572.09536064
3460,45264764.13755381
3461,7653476.756221008
3462,58609517.63132641
3463,97391693.46056078
3464,0.0
3465,43865529.700238
3466,57207571.90106157
3467,0.0
3468,112008369.83105144
3469,10189534.89903858
3470,0.0
3471,14776114.198027864
3472,0.0
3473,84401931.12294105
3474,62085213.71301003
3475,448330579.645337
3476,0.0
3477,55702690.03133439
3478,0.0
3479,226033822.20175135
3480,11014020.296772
3481,0.0
3482,0.0
3483,0.0
3484,0.0
3485,116499168.99121416
3486,149467909.42787486
3487,61557732.04859863
3488,107739684.500375
3489,0.0
3490,76373520.98706964
3491,14613633.172590047
3492,28354336.13624323
3493,66339426.17003667
3494,6466760.152230552
3495,102818119.51188403
3496,0.0
3497,88755799.65424874
3498,28985042.65866531
3499,16296472.326554906
3500,0.0
3501,135186178.90395626
3502,62262680.48592271
3503,30125711.95663223
3504,126992048.98202798
3505,10133410.95161973
3506,116544865.94916728
3507,372960572.4869536
3508,390296.6450490691
3509,16202825.641893428
3510,70757887.81872183
3511,89704736.27381317
3512,206904550.79783943
3513,11245680.460353348
3514,28230007.917683493
3515,3639920.943776313
3516,16840410.353800043
3517,709057845.9840262
3518,47187119.65076718
3519,11788410.668517714
3520,0.0
3521,0.0
3522,15094132.463865874
3523,20952517.928566754
3524,107005136.02138491
3525,216487104.8512369
3526,29636343.181389883
3527,11773597.244786313
3528,30872741.50947605
3529,391315913.103611
3530,125182614.38272177
3531,52425055.32144262
3532,98707012.61080968
3533,48411495.13878728
3534,28414503.92634103
3535,198745968.59854203
3536,25486144.34185122
3537,137539378.2179487
3538,34297062.60264964
3539,68877818.98984273
3540,83774779.50998981
3541,23106652.69569047
3542,42323206.72398891
3543,22452170.277597506
3544,88513594.29300529
3545,1252268.0451694205
3546,6843733.438622564
3547,200875857.35788983
3548,562447146.2483301
3549,0.0
3550,362934307.400766
3551,136964247.89843562
3552,55105416.29727957
3553,95121396.61208934
3554,263896676.51740703
3555,172929973.97055924
3556,91041503.22958612
3557,14575645.087183818
3558,200959510.3171833
3559,54309261.58691183
3560,0.0
3561,94841186.5537622
3562,14922258.281341625
3563,7390311.089550093
3564,0.0
3565,340872.4315880444
3566,61757170.430149294
3567,25705901.26750239
3568,0.0
3569,176334635.94980898
3570,0.0
3571,73983238.80940944
3572,215903634.93108347
3573,1452057.314096108
3574,47897145.49099845
3575,18039392.90307913
3576,57601555.24480365
3577,0.0
3578,51819617.19806159
3579,55240506.73851435
3580,22254601.88361951
3581,44918638.65985511
3582,133080539.34194002
3583,0.0
3584,25880835.42365586
3585,74322820.36093588
3586,28261700.22020269
3587,49267453.17574435
3588,10575197.804008696
3589,16664013.866806636
3590,17001292.28541013
3591,514500739.8892238
3592,0.0
3593,0.0
3594,0.0
3595,34816919.39686577
3596,55236282.89460914
3597,0.0
3598,72403594.09940459
3599,58617515.81587152
3600,0.0
3601,0.0
3602,1366233.89821917
3603,18642730.66466384
3604,0.0
3605,45475836.64315037
3606,5309904.453936089
3607,57030408.81197792
3608,233557115.0586148
3609,30216081.51310627
3610,51472474.62674892
3611,20009487.584545974
3612,2065190.1900828
3613,20468408.313074697
3614,121825979.6613082
3615,47103972.86565781
3616,0.0
3617,24124218.49630383
3618,86097678.32935792
3619,0.0
3620,137993338.1339052
3621,348718948.89770365
3622,197648911.1838497
3623,184323946.56540072
3624,0.0
3625,37716716.40280807
3626,47469677.29392678
3627,59010793.47943317
3628,325334933.42689866
3629,22216761.95754208
3630,0.0
3631,167039550.50206298
3632,6570544.249093448
3633,87198108.26821518
3634,0.0
3635,5995478.350769088
3636,44075144.17597157
3637,0.0
3638,32396844.9265192
3639,190477452.8482455
3640,342513224.830586
3641,38042854.00213561
3642,47047055.75997229
3643,28588888.855518915
3644,8853870.780254327
3645,41035083.64053057
3646,22771623.70525461
3647,68110869.93165877
3648,0.0
3649,9750583.0844688
3650,30929600.968522053
3651,477455871.14044034
3652,3348727.80174952
3653,147925704.87240708
3654,18786356.519291274
3655,39175001.20175061
3656,14638620.96984416
3657,0.0
3658,0.0
3659,127405442.86135083
3660,244492754.52641168
3661,29097293.167248014
3662,73055037.52849619
3663,481336181.04285413
3664,0.0
3665,0.0
3666,7940394.614076152
3667,125421792.40651354
3668,57057876.87372765
3669,5158003.056659479
3670,97740157.26546332
3671,0.0
3672,0.0
3673,204525066.29562744
3674,24656175.341811754
3675,392100453.7065818
3676,113633208.51131454
3677,15645719.868456775
3678,28829877.00118988
3679,76100362.55008204
3680,4264010.470844928
3681,35094710.02129181
3682,271284463.5980283
3683,0.0
3684,120179823.04850814
3685,163059696.4757471
3686,15644215.017615965
3687,204744593.2525146
3688,0.0
3689,0.0
3690,122987211.29523627
3691,8399486.400930319
3692,0.0
3693,97401589.94885948
3694,99081225.4359039
3695,111639828.80153988
3696,18142328.36134669
3697,46998906.30724355
3698,62967802.02735953
3699,21361824.83634626
3700,0.0
3701,129229095.14679848
3702,0.0
3703,89598029.84982662
3704,82879782.33398637
3705,53969499.21580765
3706,74973046.68745852
3707,0.0
3708,56402772.70611966
3709,387598867.3766601
3710,21637915.710121047
3711,0.0
3712,59051078.89383796
3713,47166001.2118029
3714,0.0
3715,31716451.13396989
3716,7723249.470238077
3717,0.0
3718,0.0
3719,105382156.49498942
3720,33863518.9830731
3721,0.0
3722,80299423.15259467
3723,4829163.266686838
3724,25226279.800873466
3725,5203346.6561429165
3726,9728992.941304902
3727,190048259.30794817
3728,141378266.97066137
3729,0.0
3730,86841933.38668093
3731,190782445.2177998
3732,0.0
3733,220645787.47674292
3734,387894775.88334626
3735,31419094.38182545
3736,15827531.464208566
3737,0.0
3738,0.0
3739,14725816.76159516
3740,30320422.763973124
3741,36458064.9198634
3742,65026588.53916448
3743,29544113.53620993
3744,151354954.54174888
3745,112376952.58565845
3746,221494484.39838704
3747,0.0
3748,19120769.536597986
3749,0.0
3750,0.0
3751,59385238.69735929
3752,0.0
3753,7511421.98289559
3754,51011231.43402501
3755,69428464.05102333
3756,20798153.20440976
3757,421816014.6519311
3758,117675806.16044658
3759,838521.2474321574
3760,198280392.65498555
3761,75726273.22116336
3762,276352065.41570663
3763,65169583.1377587
3764,65196478.2178328
3765,715816.9069514237
3766,18163403.74751947
3767,14801637.51581607
3768,8418958.444930777
3769,22938425.63617647
3770,40583206.62699896
3771,62857159.27169734
3772,44737650.66340169
3773,41251945.25245215
3774,8101650.143107603
3775,179423559.20020875
3776,128709402.83349288
3777,0.0
3778,0.0
3779,16651583.539735228
3780,0.0
3781,59987214.92320171
3782,0.0
3783,93983637.82370964
3784,1922873.3236929032
3785,420017417.6059531
3786,13017221.852374785
3787,248204123.4397475
3788,743900833.9679089
3789,3671221.4151524827
3790,0.0
3791,25557990.68085411
3792,0.0
3793,0.0
3794,4470616.9194938205
3795,432890665.9750956
3796,18340984.382644556
3797,32067561.86933617
3798,84452369.70845059
3799,2018200.3286664637
3800,0.0
3801,91611752.60491166
3802,0.0
3803,0.0
3804,0.0
3805,0.0
3806,56881225.31305021
3807,2620675.0834000073
3808,4581499.029136311
3809,37990671.891769856
3810,10857993.915792244
3811,14748970.073730715
3812,6688123.689380067
3813,0.0
3814,0.0
3815,119815956.84840532
3816,146935011.22004718
3817,167746388.66362402
3818,106449571.46391216
3819,43224762.56722757
3820,112660194.35768844
3821,120607252.27307771
3822,60623614.6638048
3823,19478361.53694768
3824,10495015.849501893
3825,9650241.959358847
3826,108821102.75518648
3827,177796640.59274843
3828,6367147.397865538
3829,0.0
3830,55962273.96203013
3831,0.0
3832,250612850.01716277
3833,108338931.80734706
3834,16798438.50198715
3835,1547975.9979037866
3836,6229310.319470286
3837,52336587.23667949
3838,109568760.85985102
3839,8746969.694668204
3840,80683426.18103969
3841,7215929.7508398285
3842,15134331.669731647
3843,74086791.86564055
3844,0.0
3845,0.0
3846,0.0
3847,0.0
3848,406074.18244675174
3849,126885556.4795123
3850,36416632.28202311
3851,57446560.67058197
3852,12910838.670141784
3853,115779276.7439824
3854,0.0
3855,0.0
3856,5966581.047577058
3857,530596177.13115233
3858,0.0
3859,0.0
3860,40829258.23469037
3861,32481786.833493985
3862,19381806.89818056
3863,129772718.14927588
3864,92811295.05758391
3865,105436386.17275517
3866,12279067.00257456
3867,169910114.51552603
3868,22829904.230014127
3869,94859887.22921668
3870,112868566.68387972
3871,490651735.7545929
3872,18659707.67346767
3873,45685306.91947701
3874,0.0
3875,93960446.93574764
3876,0.0
3877,49997579.05135796
3878,87492686.63168837
3879,352807330.29027766
3880,42254391.35264906
3881,0.0
3882,0.0
3883,0.0
3884,194142971.10524476
3885,25782334.82255443
3886,49650446.198278
3887,15436822.408693053
3888,3290454.6836946867
3889,59006442.87532327
3890,146692176.53033566
3891,0.0
3892,5021545.669822816
3893,529025489.6467064
3894,105172034.38159338
3895,44830238.51762491
3896,78244387.74380708
3897,0.0
3898,56796443.48441897
3899,511739259.80929255
3900,35172733.447264984
3901,0.0
3902,0.0
3903,4396500.596770316
3904,6914035.971892107
3905,22644878.40132319
3906,97073410.73282701
3907,151531.74866456163
3908,0.0
3909,0.0
3910,15035791.985956188
3911,0.0
3912,15958066.66804184
3913,108613045.55289067
3914,20390755.270983048
3915,201554186.92938465
3916,0.0
3917,5730988.007659495
3918,5319545.984768897
3919,97316329.17340831
3920,50536051.86955052
3921,0.0
3922,42271576.6810782
3923,55227097.60990802
3924,26172095.836205624
3925,248149120.4269603
3926,0.0
3927,105248188.03769146
3928,152707091.57828555
3929,101570913.50465308
3930,10164780.312771372
3931,25453360.68218278
3932,5509545.494395673
3933,34972426.23920405
3934,80806545.3340932
3935,0.0
3936,0.0
3937,207695318.91403767
3938,8997296.166464109
3939,37558820.05379519
3940,0.0
3941,31633268.565827277
3942,279162009.07168347
3943,552273310.7884555
3944,1257441.6161763184
3945,92299526.28085016
3946,0.0
3947,78525339.807009
3948,963416.7452371642
3949,2548451.1196112223
3950,8533292.365350518
3951,3004416.468172815
3952,50172550.23084195
3953,123321462.84287035
3954,421172528.8952149
3955,1163140.3189561144
3956,102267970.17883568
3957,7421058.644412324
3958,8817531.90828007
3959,11697508.894927965
3960,0.0
3961,61195178.11613272
3962,5669222.281702656
3963,27774860.581129666
3964,571053176.6734422
3965,168706748.28219268
3966,61047045.10815363
3967,397263115.9445995
3968,54865179.29847553
3969,0.0
3970,25195553.26859118
3971,23858572.278195724
3972,9463650.96920953
3973,96613836.98162451
3974,0.0
3975,90103141.10550182
3976,98772856.96655968
3977,159244108.64506942
3978,178878435.94295278
3979,0.0
3980,0.0
3981,2162908.088598397
3982,14428098.373793915
3983,28645674.466684867
3984,148281405.62533867
3985,11254920.985710982
3986,571863805.5839508
3987,92299614.5668796
3988,19147467.41510854
3989,25217305.98610225
3990,50067421.99048814
3991,0.0
3992,0.0
3993,19540077.50074636
3994,77894334.47514404
3995,97083422.73829688
3996,65781999.05757722
3997,18745667.41360441
3998,112867434.69252428
3999,0.0
4000,99480188.66474237
4001,10601233.679154953
4002,225257152.3837313
4003,0.0
4004,72342183.08153318
4005,0.0
4006,57063014.32607964
4007,0.0
4008,12547021.452402014
4009,35429536.379046865
4010,0.0
4011,24190406.50013097
4012,181859477.95075563
4013,73886564.30518499
4014,0.0
4015,84787272.7024604
4016,52826718.21720822
4017,30001981.625046715
4018,86970224.32331459
4019,293980768.8693298
4020,0.0
4021,107568367.46153349
4022,16454421.08566296
4023,227611099.69786116
4024,19752883.553891577
4025,0.0
4026,56226831.6126139
4027,97257237.40159544
4028,0.0
4029,0.0
4030,20115714.040057093
4031,152390544.25553238
4032,0.0
4033,0.0
4034,1476738.6004662663
4035,93245603.23945992
4036,0.0
4037,10036553.95370479
4038,9395969.938576736
4039,5388049.252808195
4040,3567543.328735862
4041,0.0
4042,70632246.22017497
4043,0.0
4044,111199328.21415883
4045,66333296.1029191
4046,19758348.597049914
4047,468184653.21959335
4048,19279943.671065085
4049,0.0
4050,22664549.403477296
4051,379546322.32439846
4052,17547595.348292165
4053,0.0
4054,0.0
4055,31241517.13722119
4056,15419332.572147666
4057,0.0
4058,34693111.62949907
4059,0.0
4060,80194159.94051297
4061,115353457.90526606
4062,59255282.50439554
4063,24940186.65005712
4064,353487844.4645956
4065,146493688.7199191
4066,3313495.4035596773
4067,44015243.350519896
4068,0.0
4069,14466399.907084456
4070,22613933.47517001
4071,36001263.20550679
4072,3037343.52928428
4073,123762782.98268458
4074,0.0
4075,25485991.927159034
4076,44413412.90560258
4077,239706098.13331568
4078,7565780.885751703
4079,135609091.4729622
4080,30503404.17917725
4081,0.0
4082,223749176.88006136
4083,51450959.19957377
4084,0.0
4085,28056595.138782963
4086,137854651.74490473
4087,26204583.823239394
4088,43505761.43409731
4089,24533690.905116066
4090,0.0
4091,109034593.85973476
4092,76550242.45049581
4093,59755813.40969114
4094,8579957.181300424
4095,199064856.98222432
4096,19396340.87173129
4097,47403413.08190572
4098,30086883.49905829
4099,0.0
4100,80158623.49010924
4101,48628628.48542455
4102,4378778.836002398
4103,59445728.32658033
4104,9791346.162916198
4105,0.0
4106,3272584.818474173
4107,0.0
4108,59289099.984552
4109,0.0
4110,19173215.676602487
4111,0.0
4112,15213016.71306146
4113,3442167.55089033
4114,173465106.4752911
4115,0.0
4116,35098432.59662904
4117,0.0
4118,42554589.90625525
4119,83704713.58837545
4120,0.0
4121,0.0
4122,212392000.72116977
4123,30626013.97155749
4124,70327398.21592182
4125,47926073.22360098
4126,16118234.260612153
4127,0.0
4128,0.0
4129,0.0
4130,8669136.839737706
4131,243344627.02156648
4132,94422148.61080328
4133,52079022.64756896
4134,3393260.394273211
4135,56147558.04736003
4136,360450695.4089103
4137,981252.4025733322
4138,58892828.31871599
4139,6480751.776366495
4140,0.0
4141,12941434.086128773
4142,40335666.389742136
4143,62834922.14925921
4144,0.0
4145,39310680.79300149
4146,8095267.630541075
4147,0.0
4148,39693030.94896297
4149,5321072.421203837
4150,0.0
4151,0.0
4152,51311074.30288526
4153,49007096.47605078
4154,0.0
4155,33441408.73955317
4156,10820249.263334524
4157,1265110.222327739
4158,21499173.36114485
4159,62752226.9681541
4160,243319581.4072344
4161,19988293.42487977
4162,28116787.489895344
4163,174089070.77071714
4164,25254406.407581545
4165,0.0
4166,0.0
4167,109623215.4455235
4168,15420008.378248096
4169,423784.5500159748
4170,15196358.702736862
4171,117604128.96020116
4172,115899692.3213293
4173,6617040.8655787995
4174,10551656.384886555
4175,0.0
4176,40896352.746166825
4177,0.0
4178,438060544.27263767
4179,1498971.6553597338
4180,193996814.4734581
4181,81151817.55062187
4182,0.0
4183,66440345.32617194
4184,18752754.13889374
4185,5906608.32043723
4186,3521002.5409756787
4187,63778442.5296337
4188,43374431.22328824
4189,0.0
4190,0.0
4191,0.0
4192,0.0
4193,403741665.3299583
4194,121932806.95608376
4195,4384548.0972688785
4196,7318614.878921398
4197,17205135.309290774
4198,0.0
4199,4734128.12391356
4200,102757720.28428908
4201,76028027.48325065
4202,143389067.53409803
4203,29022394.577508904
4204,74860182.75824906
4205,1076813.7922827676
4206,65595256.52834417
4207,376391395.863695
4208,468042452.39189625
4209,57574852.500929005
4210,166680943.81566682
4211,43279376.60280581
4212,477857040.84447235
4213,3294045.4997455776
4214,22560295.39578799
4215,1568555.6606111058
4216,0.0
4217,0.0
4218,36324675.119164936
4219,32601290.582691737
4220,71343438.45836803
4221,0.0
4222,0.0
4223,106378187.91544236
4224,0.0
4225,36990270.070813015
4226,8271721.888394631
4227,14033335.729715547
4228,0.0
4229,134959983.44867823
4230,71625008.62256522
4231,14981490.059207326
4232,10543905.721036484
4233,83439556.42445092
4234,64483501.20947695
4235,26625384.85504482
4236,0.0
4237,56790633.53296986
4238,66932887.91970217
4239,141694624.52520362
4240,283897642.3559797
4241,138107429.99718133
4242,0.0
4243,0.0
4244,122039628.997131
4245,0.0
4246,0.0
4247,66279008.82653846
4248,0.0
4249,141723622.2627491
4250,45989117.0230396
4251,0.0
4252,179312095.93171546
4253,92674572.64846474
4254,58987062.69359739
4255,70467033.54762912
4256,281041314.79390144
4257,195632257.15761244
4258,45528440.71865258
4259,0.0
4260,175446504.2793426
4261,22556136.59431889
4262,22982272.086555965
4263,0.0
4264,522097520.0472932
4265,16035990.564926265
4266,21123618.060690373
4267,73094005.13007936
4268,15014342.654849134
4269,1604042.0258929243
4270,410404173.3987711
4271,116819462.79003808
4272,0.0
4273,50585127.42223321
4274,50674815.97512585
4275,7313302.9799700165
4276,23015142.651012026
4277,70291244.71637715
4278,2928587.704338812
4279,47172534.4011486
4280,0.0
4281,0.0
4282,28638914.21218529
4283,0.0
4284,3614108.965674982
4285,0.0
4286,485318029.7992532
4287,45866885.86953469
4288,67342895.34369944
4289,105720795.14680228
4290,94059806.547887
4291,0.0
4292,0.0
4293,23181764.984796345
4294,192322365.76617453
4295,169319375.66481203
4296,56170369.39890014
4297,26903313.01299205
4298,0.0
4299,15221993.210506056
4300,89211456.46548098
4301,4253471.994130246
4302,36181917.36058885
4303,8488646.001302
4304,30174602.629074186
4305,47302022.36898948
4306,42853008.42617527
4307,0.0
4308,0.0
4309,55122693.78980626
4310,0.0
4311,0.0
4312,46149862.74262453
4313,119618836.2325801
4314,367682.55088166526
4315,134545451.08161873
4316,300254365.5336802
4317,0.0
4318,34991661.11079728
4319,0.0
4320,19789595.84073289
4321,80049369.9342638
4322,3788649.0783944577
4323,1251267.8846662606
4324,16984613.727741264
4325,0.0
4326,0.0
4327,84471454.13015409
4328,16553739.34958151
4329,0.0
4330,515479226.2684703
4331,52896054.53338106
4332,89895392.86563097
4333,0.0
4334,145115500.7577748
4335,105129163.73844972
4336,54117835.52947837
4337,0.0
4338,264802683.92692417
4339,116341743.90752593
4340,64103604.33334094
4341,16752744.84367479
4342,8754466.400536135
4343,37753390.29852487
4344,0.0
4345,0.0
4346,88231495.03367308
4347,69132476.36906242
4348,0.0
4349,227965999.94041932
4350,0.0
4351,158850096.84325728
4352,0.0
4353,134369501.66965377
4354,58000450.65385217
4355,39383761.55885724
4356,0.0
4357,109344358.68243586
4358,22778159.62595378
4359,30795093.303396
4360,90576159.0899715
4361,156298166.29992852
4362,0.0
4363,91681647.5424
4364,86415430.89860357
4365,0.0
4366,50177957.17074738
4367,33687135.34982645
4368,120935916.54379964
4369,35122511.70660965
4370,100391881.3182682
4371,89900625.36301915
4372,44676159.56557996
4373,12843818.409705095
4374,68143346.03533715
4375,0.0
4376,0.0
4377,4411433.225677978
4378,29708979.406760413
4379,158107516.92206168
4380,84562609.63570789
4381,182828328.3239452
4382,356159796.50833684
4383,317085078.83611566
4384,55650046.91308993
4385,0.0
4386,177494459.15183365
4387,60860655.62530699
4388,49036582.42442717
4389,291470491.47523177
4390,0.0
4391,0.0
4392,177972780.32005382
4393,47922895.07809897
4394,56173074.99929896
4395,12293230.052714953
4396,74480333.11669707
4397,20187307.920348886
4398,237398430.0678024
4399,0.0
4400,21992443.368164152
4401,24187246.33170876
4402,29407047.316963963
4403,52982545.5994698
4404,49294631.94190519
4405,30725424.860779647
4406,0.0
4407,5206239.941789016
4408,0.0
4409,4048404.4750823295
4410,16047570.689212292
4411,53633096.39354676
4412,148531165.62257585
4413,71214427.98346004
4414,0.0
4415,36603017.238443136
4416,0.0
4417,106448240.86886422
4418,0.0
4419,99934004.18244204
4420,425713089.7067248
4421,0.0
4422,5589520.537885348
4423,3980750.7387775593
4424,0.0
4425,15738035.586322865
4426,46653402.52326698
4427,90816263.03796165
4428,9085669.863425173
4429,0.0
4430,0.0
4431,0.0
4432,193997000.1010576
4433,342667171.07241035
4434,536153682.92301434
4435,15929398.628284108
4436,14061489.789324366
4437,1693860.4887533004
4438,26316377.604859803
4439,16873217.665212527
4440,4291780.638779033
4441,63406634.07789472
4442,10807213.020224528
4443,0.0
4444,0.0
4445,19361438.47027521
4446,1245404.850732943
4447,125920687.86589421
4448,15386341.261797333
4449,0.0
4450,222440966.4535812
4451,298043079.5856898
4452,33418234.294914976
4453,0.0
4454,0.0
4455,0.0
4456,144741743.78590372
4457,0.0
4458,37751797.77814371
4459,44277117.99997037
4460,13985712.438292354
4461,118942553.72059321
4462,87568896.9738856
4463,17159738.210197374
4464,79949649.77192333
4465,42148294.598046996
4466,0.0
4467,26356197.821438044
4468,0.0
4469,38822963.22386328
4470,59885733.18582909
4471,36590564.9148806
4472,171366986.33897436
4473,48223875.82143883
4474,14969781.671793414
4475,0.0
4476,0.0
4477,51678989.75693779
4478,0.0
4479,3529329.4028439894
4480,93482695.51326722
4481,2929752.3032005583
4482,11665155.42371974
4483,5740177.177997701
4484,0.0
4485,48521294.73588576
4486,12171397.36771921
4487,14759784.533557774
4488,142507070.25756523
4489,106441233.73329276
4490,0.0
4491,112866915.25607216
4492,23618534.592879
4493,6144661.951119535
4494,10124784.17984468
4495,26723891.55560756
4496,22083353.147227004
4497,0.0
4498,48043269.74012052
4499,0.0
4500,112441311.95950566
4501,129074127.73240778
4502,15439548.189772075
4503,397781617.75707537
4504,44745917.1051068
4505,3552315.869764525
4506,126481892.76122448
4507,0.0
4508,40754091.27934351
4509,0.0
4510,30632008.86568647
4511,155943714.52541992
4512,0.0
4513,85522952.81571007
4514,836519.6499439812
4515,412173030.0266863
4516,5434529.598926097
4517,40902894.82926555
4518,452527862.45036346
4519,88851920.73737681
4520,23161428.7612376
4521,6299927.0944267735
4522,70532228.72518288
4523,34736147.60075394
4524,0.0
4525,20589901.597304426
4526,0.0
4527,31471477.90845919
4528,1970271.1254844556
4529,669370.4998642243
4530,30540051.48137658
4531,3834857.189976417
4532,11952251.921528427
4533,32988137.490033336
4534,12426454.69819794
4535,172713124.89614823
4536,5981937.781974672
4537,0.0
4538,41241403.86982741
4539,0.0
4540,87514521.07514283
4541,34309349.571284845
4542,115204206.60821871
4543,67902071.22320084
4544,0.0
4545,4473684.544584222
4546,0.0
4547,0.0
4548,55152339.03292927
4549,0.0
4550,3866296.3249187283
4551,577893346.9864182
4552,88344710.42790298
4553,33437639.91414026
4554,253506071.71090597
4555,0.0
4556,67552496.17592975
4557,13138923.907004058
4558,38743074.44072623
4559,53420078.69521542
4560,71010226.60910246
4561,37798569.95403655
4562,0.0
4563,185197533.7558556
4564,9495659.279329188
4565,0.0
4566,41429076.42889294
4567,132945773.5290257
4568,234931.59619030173
4569,50876941.21248066
4570,31049352.800691456
4571,2057942.899269618
4572,52143007.08840302
4573,52167919.18994136
4574,0.0
4575,0.0
4576,30661454.34915605
4577,1359007.3337836564
4578,46914977.81207772
4579,10055716.912647624
4580,77211412.50683835
4581,25637673.07943313
4582,64116842.98486598
4583,208040092.7003753
4584,21867408.933946654
4585,177431036.40565264
4586,9394369.502262367
4587,6408431.0242816685
4588,211981907.30320784
4589,0.0
4590,1034666290.5009503
4591,65111130.441552
4592,0.0
4593,0.0
4594,32443508.44156647
4595,499797719.3363156
4596,495283342.1443569
4597,19751925.10445992
4598,178053115.88651556
4599,22546139.71216171
4600,0.0
4601,85838253.41433159
4602,29260803.14427549
4603,89628465.89651626
4604,25794548.320711635
4605,254381720.57855943
4606,176275579.28978598
4607,40566692.1718207
4608,5560922.925358921
4609,33748061.48724388
4610,204382630.6472267
4611,107249626.51695472
4612,39446570.72134542
4613,37679701.48312148
4614,17494058.854265615
4615,0.0
4616,0.0
4617,81797835.89891861
4618,0.0
4619,18563760.258072875
4620,0.0
4621,144486687.86064553
4622,21805750.78339277
4623,12146816.779397648
4624,0.0
4625,25289412.09374856
4626,4904447.6165505685
4627,13983829.620915908
4628,16487039.6923053
4629,0.0
4630,21115966.396916345
4631,41456175.42305066
4632,8927044.228114527
4633,0.0
4634,0.0
4635,0.0
4636,77528798.0639203
4637,0.0
4638,16894834.50632009
4639,0.0
4640,51492523.11560804
4641,4580308.6675769165
4642,8070032.982879262
4643,188235878.57890967
4644,3993341.310853403
4645,0.0
4646,644347703.4926982
4647,0.0
4648,0.0
4649,154967599.30707145
4650,69330128.502948
4651,77436983.79806718
4652,268614679.9522103
4653,0.0
4654,138086362.93548217
4655,175788680.33446512
4656,13614650.798642412
4657,17502600.922749005
4658,28799737.53902657
4659,0.0
4660,14856793.011962116
4661,7016981.397929296
4662,0.0
4663,13752606.691549715
4664,5405509.12120698
4665,49190870.25522174
4666,52481745.71479803
4667,113904302.44820176
4668,0.0
4669,0.0
4670,85388026.9942853
4671,2374862.728481144
4672,0.0
4673,17090895.931390602
4674,0.0
4675,18630389.242995966
4676,0.0
4677,0.0
4678,16989454.562602844
4679,0.0
4680,0.0
4681,37518538.65665471
4682,0.0
4683,0.0
4684,0.0
4685,61223748.89042592
4686,9963294.546199862
4687,18200690.70127379
4688,238971397.33149415
4689,3942262.0040657967
4690,0.0
4691,34595064.92036343
4692,6964796.471154895
4693,8167083.831491955
4694,1028698.5127280802
4695,42366310.80058952
4696,16149005.794340136
4697,134716603.99649543
4698,0.0
4699,22773718.957896534
4700,200533851.89234528
4701,245867553.7056607
4702,24380241.01874088
4703,20752274.395338207
4704,43914229.32009146
4705,53495800.65616806
4706,91456382.99899448
4707,25277415.02032753
4708,50130047.10435751
4709,0.0
4710,370181818.07053447
4711,28544205.924042225
4712,0.0
4713,279066043.08991647
4714,18943932.51651527
4715,0.0
4716,0.0
4717,30986485.210290954
4718,11851720.480311446
4719,167447892.8687734
4720,0.0
4721,20909014.572320268
4722,79808381.90887351
4723,975060.7123919169
4724,213276246.952326
4725,11875687.98030011
4726,0.0
4727,769455.5553874002
4728,46348792.25099394
4729,119662496.07656702
4730,0.0
4731,33420458.15343552
4732,283928072.44932383
4733,7254197.115038478
4734,290961675.907398
4735,60867591.23108156
4736,2657971.602150675
4737,63032563.76242584
4738,24580410.06780784
4739,96070097.20459314
4740,659256418.7293258
4741,0.0
4742,132159721.06648922
4743,0.0
4744,0.0
4745,237249656.74008664
4746,58789352.64427765
4747,7917533.051604625
4748,81818882.88113484
4749,16063943.74286218
4750,23051023.29591132
4751,62424302.23966126
4752,11649914.605819827
4753,10695883.654999593
4754,780315646.3114879
4755,10507463.826424213
4756,49636519.20913848
4757,216606646.00428936
4758,136311379.82211566
4759,482212126.3651976
4760,0.0
4761,9204110.72313512
4762,0.0
4763,23277302.69270534
4764,419597052.22960037
4765,15657161.10035906
4766,158590668.37146878
4767,67287127.83751684
4768,82606203.99582522
4769,85030633.04354823
4770,181589757.46828648
4771,83455364.80293754
4772,10228983.659100937
4773,30894560.2956973
4774,917302.7292452008
4775,0.0
4776,0.0
4777,278789474.00657004
4778,87581304.71265374
4779,1343260.6207455136
4780,175464323.3172646
4781,0.0
4782,67992602.7555147
4783,21915952.392064773
4784,6245746.217623332
4785,35738644.45901174
4786,99248697.41438188
4787,102816062.27134629
4788,79408032.88748188
4789,7781565.600107172
4790,78977825.76948136
4791,26883312.710372165
4792,0.0
4793,24807198.06787492
4794,0.0
4795,21982505.892779898
4796,0.0
4797,639987581.0508026
4798,76259558.82484578
4799,26535207.42873563
4800,39380476.6549468
4801,0.0
4802,36805828.68814448
4803,0.0
4804,3427368.4929524767
4805,0.0
4806,8696301.418327484
4807,0.0
4808,4050689.452114351
4809,109761169.76107472
4810,0.0
4811,719989.0881201327
4812,126202314.4559471
4813,130803798.65495908
4814,8497947.014489647
4815,33226375.29650997
4816,42208415.88384217
4817,5695652.39238609
4818,102274819.11940227
4819,0.0
4820,105947536.18108349
4821,0.0
4822,0.0
4823,13900508.333397975
4824,52578848.27347206
4825,101670591.11495133
4826,10046921.89659512
4827,89486934.87549265
4828,48969589.34014528
4829,59346081.28813397
4830,39207452.85648415
4831,42318347.71495262
4832,12275187.305855693
4833,4947877.6220712885
4834,14968796.635091795
4835,80690277.32423794
4836,5683942.6672477275
4837,208836513.6779177
4838,33298438.63405911
4839,0.0
4840,358589123.18732363
4841,0.0
4842,169418725.5197757
4843,167623841.94205502
4844,0.0
4845,27447686.040552244
4846,0.0
4847,258021121.24030596
4848,27711972.200814877
4849,254327785.82680687
4850,5320645.994247778
4851,0.0
4852,16933357.45910841
4853,166080194.0094992
4854,20341335.545279004
4855,99806909.53653856
4856,4376320.032664385
4857,42305200.256245375
4858,58625822.09380941
4859,20041578.138663016
4860,532916120.4369373
4861,169167342.31256932
4862,111631642.22170366
4863,179355535.0904972
4864,93675326.04759364
4865,46411528.16930734
4866,5032826.54991661
4867,148355822.467203
4868,9156171.77866337
4869,0.0
4870,11968727.955600673
4871,27011969.09115117
4872,0.0
4873,12427981.049366787
4874,140429819.26437238
4875,1189488.8508278318
4876,75440426.8146652
4877,51230461.38291992
4878,27974365.706701264
4879,43143892.54920133
4880,28124621.597079497
4881,0.0
4882,40424841.36830117
4883,75661866.9785774
4884,154091773.09070545
4885,17110779.32330571
4886,30038900.61940983
4887,0.0
4888,13444871.260455025
4889,0.0
4890,126082485.9784838
4891,0.0
4892,1287797.2360105142
4893,76161913.90579472
4894,6532878.541616544
4895,3458274.61547748
4896,79376567.73986313
4897,3862864.983705714
4898,159848432.36955792
4899,554781033.6330569
4900,218915283.93037075
4901,60826513.63151492
4902,8224746.568334911
4903,4114912.394728817
4904,286725249.86825264
4905,33205236.8976399
4906,0.0
4907,678266733.0531307
4908,44780895.34669869
4909,97396712.93707156
4910,32359432.224882856
4911,17402899.604130924
4912,90736238.33379209
4913,13788331.790147807
4914,106331170.92249824
4915,123774349.75418648
4916,9192656.89938939
4917,19768429.76649203
4918,160611075.1053214
4919,46365918.43465389
4920,46469573.93276724
4921,110297418.60759512
4922,9029116.119905947
4923,0.0
4924,101039878.9782486
4925,182308595.30643305
4926,0.0
4927,27728444.19876487
4928,20986275.3592784
4929,27363462.437972523
4930,10740655.318156857
4931,38956147.04409242
4932,0.0
4933,130804372.42815872
4934,0.0
4935,423023046.4492389
4936,0.0
4937,0.0
4938,15794326.78334998
4939,0.0
4940,4649576.093389936
4941,88946935.20461535
4942,0.0
4943,88316014.63354687
4944,85349772.18350212
4945,1955082.80576296
4946,10260971.452731512
4947,0.0
4948,377437.02323080966
4949,46247680.09454502
4950,89746450.98776445
4951,58437085.01285672
4952,47185684.54482913
4953,138335346.12636894
4954,50973933.61186596
4955,0.0
4956,11823477.342438145
4957,47368555.4082829
4958,0.0
4959,32945128.79620849
4960,9927374.578699203
4961,165490839.52624908
4962,0.0
4963,58764386.80800138
4964,13889662.289325252
4965,0.0
4966,14181304.17905536
4967,80012793.29039368
4968,61739144.99534103
4969,0.0
4970,0.0
4971,114925974.11051662
4972,33089545.47788209
4973,24861939.351286426
4974,148802996.36482975
4975,3007396.8630559114
4976,0.0
4977,80112719.54558842
4978,0.0
4979,11743868.198996155
4980,65432802.41955809
4981,27756538.77941997
4982,120350508.64557156
4983,20744096.853607014
4984,45707976.31087672
4985,278426716.2064874
4986,0.0
4987,0.0
4988,0.0
4989,48377041.93540803
4990,0.0
4991,19632778.74832085
4992,225494785.2966168
4993,6425943.142001882
4994,157898278.9761789
4995,0.0
4996,30863938.68233792
4997,66467657.27969559
4998,17627611.984268308
4999,82977095.1442175
5000,223148173.2891001
5001,231370598.91631383
5002,165028606.91621098
5003,64153725.24896833
5004,36880462.75824954
5005,32904532.33574388
5006,441595717.00939095
5007,43672556.31390268
5008,403590002.1307548
5009,26190591.47128433
5010,8756255.636437584
5011,16079684.071959715
5012,168442980.65370655
5013,12776756.784780815
5014,43914314.69862198
5015,19948467.26623937
5016,110532290.60156856
5017,25527255.70528771
5018,27073063.81236787
5019,71128081.50231433
5020,26715875.956835706
5021,0.0
5022,30168235.942864016
5023,23048248.981167067
5024,147456504.96927017
5025,0.0
5026,187993390.07933235
5027,96611629.32440495
5028,66227384.48536278
5029,147731441.35466897
5030,22951151.72404801
5031,295794.94958053896
5032,277935435.68368655
5033,3673733.391141143
5034,27377938.48896001
5035,0.0
5036,26591478.75805505
5037,101135605.58905298
5038,486942076.52629334
5039,4113743.06117918
5040,76948422.27884126
5041,35251921.2811036
5042,5463541.018693585
5043,54573074.04925376
5044,241999259.95776212
5045,21603500.303505003
5046,2159939.644774638
5047,0.0
5048,20858295.310634166
5049,120203178.54072294
5050,0.0
5051,464692818.6203416
5052,183853046.8777786
5053,43318820.21922484
5054,117718444.26555374
5055,14281168.593545388
5056,0.0
5057,9299019.898479912
5058,33152672.39266324
5059,25587703.74475165
5060,132410783.1676532
5061,57672567.09643044
5062,0.0
5063,0.0
5064,70387248.17016101
5065,16264229.78696623
5066,47649481.48348405
5067,65623391.31569979
5068,26519325.07272628
5069,105448953.82090607
5070,21934195.978721164
5071,148804603.17412248
5072,99104928.92760412
5073,0.0
5074,3432274.634492181
5075,15266408.21072365
5076,46960095.51756624
5077,184754945.96362337
5078,0.0
5079,7940437.611058485
5080,120575092.87573266
5081,121775787.23788576
5082,15586676.85655173
5083,11482335.836333808
5084,36778903.86239383
5085,0.0
5086,28388373.89618521
5087,0.0
5088,0.0
5089,0.0
5090,26581701.47493259
5091,31893969.33599432
5092,47081671.21041262
5093,74328925.09820111
5094,71000364.32791807
5095,182412599.37308583
5096,20296256.933426756
5097,0.0
5098,0.0
5099,4027376.565451052
5100,7438305.598205205
5101,0.0
5102,2881361.461638268
5103,0.0
5104,83066448.13710032
5105,6651342.099043578
5106,1025268.9038992636
5107,18625126.993051127
5108,38929280.59044492
5109,0.0
5110,11352869.84382433
5111,142413896.31510183
5112,32498475.89379048
5113,28059702.315225296
5114,8050282.946712263
5115,6568193.469931662
5116,0.0
5117,213202050.1008789
5118,93314044.90405996
5119,0.0
5120,0.0
5121,82211149.31940658
5122,40844054.21376184
5123,11754405.211410247
5124,17018996.315343186
5125,32249207.58296749
5126,33181301.21676626
5127,40716703.61065658
5128,0.0
5129,0.0
5130,103523039.5460182
5131,29968220.67222425
5132,65947619.10780999
5133,144557282.62929478
5134,204088833.75816283
5135,240630210.6031716
5136,5047977.237073507
5137,94339667.78898008
5138,18982918.150422864
5139,215244215.4802809
5140,112184746.52403331
5141,71365269.26584898
5142,212632776.0544242
5143,51693488.06773596
5144,75662765.37856425
5145,4773119.902129397
5146,0.0
5147,18363012.70391312
5148,29914110.244537234
5149,0.0
5150,412575796.4468256
5151,401671103.33370787
5152,114732573.88810451
5153,1520762.94306669
5154,53160076.94630976
5155,24674176.08124588
5156,632903557.7962056
5157,32669346.560361616
5158,5776582.139959909
5159,123238735.79610191
5160,18732198.346404973
5161,36198990.79738624
5162,107532364.4137602
5163,199357349.2639245
5164,0.0
5165,72158233.2792563
5166,191900383.342538
5167,3316304.777438126
5168,9105863.901306938
5169,0.0
5170,26456649.79631197
5171,208360929.74232736
5172,1461960.3452661522
5173,138384253.61789668
5174,152890007.56007442
5175,6092662.104815082
5176,6270062.274422478
5177,366687182.84806335
5178,486905711.63916796
5179,0.0
5180,14583102.445875388
5181,0.0
5182,83594713.14425538
5183,0.0
5184,16781821.960346222
5185,0.0
5186,11703275.077328067
5187,0.0
5188,0.0
5189,33503307.31588515
5190,350493842.64247644
5191,29026069.36509495
5192,102861204.141057
5193,145446351.7057751
5194,56294577.05577308
5195,166918899.8777093
5196,59166591.50391479
5197,37723644.18454781
5198,67308599.37569194
5199,17144237.62297672
5200,0.0
5201,22578826.768286385
5202,0.0
5203,0.0
5204,141635065.76432848
5205,24708750.75257575
5206,24868547.30315069
5207,0.0
5208,20123391.49709917
5209,120288172.06482065
5210,45436122.20765351
5211,10849612.927755203
5212,15517105.719307825
5213,64068661.15877429
5214,0.0
5215,3758052.2099981313
5216,51493723.44092724
5217,0.0
5218,15815860.815286413
5219,23989668.78448461
5220,83066401.84047721
5221,0.0
5222,0.0
5223,110788554.34201875
5224,0.0
5225,0.0
5226,67498114.58258101
5227,0.0
5228,39285435.91139991
5229,185221177.76003584
5230,0.0
5231,7273900.061210375
5232,0.0
5233,0.0
5234,72012037.07730371
5235,47184271.69879714
5236,204819705.37265968
5237,184257422.5840589
5238,19580302.582827315
5239,32525087.95595949
5240,70997044.37728861
5241,98694009.14980248
5242,57165068.04539201
5243,0.0
5244,94139277.6350081
5245,14788976.493857153
5246,13651671.889143504
5247,58702648.09882991
5248,0.0
5249,66018235.09124248
5250,258379460.288462
5251,7625853.137207836
5252,0.0
5253,1473686.0129758269
5254,0.0
5255,92754403.13055453
5256,70461931.33424258
5257,4766708.262549373
5258,3466464.7191201714
5259,133561129.33377944
5260,1130549.1597810872
5261,67224203.77805379
5262,24004849.666091327
5263,31811141.69840717
5264,2708660.6402896605
5265,30813574.24249293
5266,25516101.80241096
5267,0.0
5268,6989311.0662563285
5269,132573144.96982343
5270,78494063.31916538
5271,23445386.336440705
5272,116396612.17105529
5273,0.0
5274,83672452.36382957
5275,1588794.2093848996
5276,28859.291099924594
5277,0.0
5278,32945551.60292619
5279,42315958.80340598
5280,5155598.545308974
5281,30830388.21353389
5282,12918937.67015262
5283,0.0
5284,514854.4244558178
5285,74843799.6507448
5286,5209145.542805262
5287,0.0
5288,0.0
5289,117477496.32110712
5290,197051035.1656201
5291,403750283.5390976
5292,157717353.7908144
5293,218706133.18280157
5294,0.0
5295,426870868.256794
5296,0.0
5297,125727459.18263815
5298,136836283.82478917
5299,2320594.252193876
5300,22828066.630552214
5301,16900852.9705748
5302,82475963.72967842
5303,0.0
5304,30061966.20596315
5305,0.0
5306,70987983.42738314
5307,235609926.25923628
5308,0.0
5309,0.0
5310,133956313.94047199
5311,716180.9528009669
5312,182499506.99079287
5313,378853009.4783152
5314,82908128.57486261
5315,0.0
5316,38330631.18845826
5317,11908438.651227014
5318,0.0
5319,32324287.24719266
5320,27458483.949432734
5321,47277808.9585243
5322,0.0
5323,149417056.69926754
5324,27995142.074218385
5325,5100723.459174443
5326,24857983.219071086
5327,118065313.66843696
5328,13246374.85895139
5329,0.0
5330,184139869.06904992
5331,10964391.190388668
5332,0.0
5333,74936185.67606762
5334,56325547.81329452
5335,877556.4925220981
5336,14140311.045992894
5337,0.0
5338,35703809.9114349
5339,23006637.71348195
5340,8792621.772558209
5341,152774366.90933973
5342,220595173.7074709
5343,29250123.21046959
5344,145738871.14347315
5345,0.0
5346,131536852.32216597
5347,0.0
5348,29256950.838448133
5349,0.0
5350,0.0
5351,120505160.14148112
5352,0.0
5353,31006223.22834425
5354,64157285.84615031
5355,125761014.65727386
5356,5141213.129560042
5357,0.0
5358,93628866.77203614
5359,46156459.33932727
5360,140157226.75794393
5361,5601676.55841941
5362,0.0
5363,47720052.11132086
5364,0.0
5365,76576716.56289391
5366,153250247.28080672
5367,75144786.57026483
5368,42063991.04269248
5369,349988203.56387514
5370,106780609.05733912
5371,55596901.75573267
5372,470540288.2888852
5373,39913688.11690789
5374,102499771.4638866
5375,95978165.52482368
5376,213860046.63984832
5377,67814471.34015223
5378,0.0
5379,18169458.27385328
5380,75384862.552165
5381,141050447.84011114
5382,81758494.5098805
5383,0.0
5384,211742846.91274083
5385,141426553.44278818
5386,23372987.75462947
5387,15845291.806134615
5388,219961975.48113477
5389,38603898.89298101
5390,14751358.547466338
5391,36944928.49218861
5392,0.0
5393,0.0
5394,52585262.093442895
5395,17349800.23890125
5396,133656639.08311254
5397,0.0
5398,39489982.04217793
5399,0.0
5400,2231621.37000034
5401,126236126.88771996
5402,65840777.84333848
5403,43168879.92348964
5404,0.0
5405,102376166.87711658
5406,0.0
5407,356646810.8442489
5408,475811635.34387356
5409,129888833.38451552
5410,8660137.744560868
5411,92664672.93112496
5412,0.0
5413,1080093.3883512728
5414,108057134.67404084
5415,96490251.61675042
5416,32174791.235489994
5417,104582745.7177722
5418,0.0
5419,0.0
5420,56182537.04920748
5421,34828359.73756907
5422,138968069.4665187
5423,256390325.2265308
5424,190553379.38814268
5425,39345906.53916712
5426,57476082.62099038
5427,0.0
5428,3441939.1487786365
5429,75963182.7748146
5430,183813039.55297652
5431,49507714.43390274
5432,115102177.09874213
5433,20129311.80666216
5434,70239456.10648341
5435,6550875.395012386
5436,38793863.45365043
5437,48434697.99927327
5438,45806393.16665341
5439,0.0
5440,91574647.81322172
5441,12591685.321733922
5442,259662083.77577493
5443,147697066.65225944
5444,69482541.03406647
5445,70208102.23768665
5446,123698616.15731607
5447,23092769.37400998
5448,30279603.46979409
5449,102409763.28226204
5450,5440109.932952382
5451,23100524.53221778
5452,0.0
5453,249219659.9478773
5454,175992728.00887465
5455,16213833.404700145
5456,26948572.73826332
5457,83745094.83525828
5458,0.0
5459,0.0
5460,0.0
5461,0.0
5462,0.0
5463,564300946.7926643
5464,0.0
5465,37637650.958915815
5466,59096367.284543894
5467,74099672.07215475
5468,159126146.5230385
5469,0.0
5470,400569213.8077679
5471,127953472.0418758
5472,93331764.0930062
5473,27365824.53674347
5474,50235379.23295525
5475,90328402.9852982
5476,28512509.76132825
5477,6974149.43727959
5478,85978286.68448335
5479,117179841.61927664
5480,13645972.070895113
5481,12064710.8224026
5482,34856508.37448871
5483,246708947.79577723
5484,117431216.49498452
5485,37832685.34992249
5486,21202831.354029387
5487,336695983.82951415
5488,82525597.70151275
5489,90674292.7951225
5490,0.0
5491,61406330.54245646
5492,29677525.93064509
5493,27887443.38035451
5494,0.0
5495,107057251.53330474
5496,40065136.50398872
5497,22688101.6940623
5498,0.0
5499,97513993.61927275
5500,24012343.320294283
5501,8579982.997676864
5502,10637118.353976427
5503,74496805.40550871
5504,35591127.63849935
5505,0.0
5506,187913961.40888423
5507,49284841.90899284
5508,149534537.40593293
5509,195523827.4795084
5510,39585807.96216985
5511,23862008.31334979
5512,129325334.30106236
5513,0.0
5514,52164260.83471684
5515,16070395.461785596
5516,0.0
5517,400469089.8464272
5518,28847910.07373436
5519,160175646.22624162
5520,0.0
5521,33750139.63797662
5522,0.0
5523,328501731.66779083
5524,275305632.50328445
5525,42371544.53419285
5526,21142045.214002397
5527,0.0
5528,92684875.39826693
5529,0.0
5530,311585954.3434104
5531,0.0
5532,2690447.744070176
5533,90585197.89345212
5534,490280607.4080769
5535,0.0
5536,0.0
5537,5965531.609489313
5538,17580009.365027674
5539,226735334.7123108
5540,46952466.94437802
5541,193356754.91431168
5542,0.0
5543,19838116.93301779
5544,37979383.75211341
5545,0.0
5546,6589922.358842194
5547,3586207.772383798
5548,12416853.399545705
5549,78956824.74826661
5550,84245695.75262593
5551,13463825.219100248
5552,82662913.67784311
5553,76270261.12371826
5554,23454143.711491134
5555,36625057.11905069
5556,53928831.47758412
5557,7509212.661591664
5558,400262593.9373628
5559,0.0
5560,0.0
5561,12341658.340245806
5562,72827087.48583186
5563,0.0
5564,0.0
5565,23147770.765264694
5566,31911017.68992785
5567,0.0
5568,44140257.26290672
5569,88613238.37111758
5570,41017516.196728826
5571,124198228.09518059
5572,0.0
5573,244381839.66083983
5574,0.0
5575,159407830.70386612
5576,102927473.55400825
5577,63719258.59932391
5578,4583088.679476317
5579,21748437.47318025
5580,0.0
5581,50553791.13155418
5582,21002956.266298875
5583,58843237.28728818
5584,28564926.55574938
5585,64583271.68474573
5586,0.0
5587,26727024.437789906
5588,150474461.82298452
5589,148675246.8838975
5590,0.0
5591,33212851.878371865
5592,11167677.78268671
5593,14962153.273766048
5594,11990429.616380412
5595,21395657.91639348
5596,249544488.2382688
5597,0.0
5598,70451472.58531965
5599,13659773.172629684
5600,0.0
5601,50916832.89983088
5602,102015639.22113907
5603,0.0
5604,30327755.03551811
5605,224068858.82902303
5606,135528410.59198833
5607,83096782.89972852
5608,119239876.77949554
5609,6191559.011921822
5610,47898905.38792231
5611,64749473.24192689
5612,521935876.28598946
5613,22734148.428731985
5614,25600467.756561905
5615,67596667.1820406
5616,283885.68218937144
5617,386984621.4852285
5618,48730643.23521448
5619,81604064.75309618
5620,14792464.139934087
5621,77922034.91701867
5622,22613380.38969529
5623,85588591.27019726
5624,493949768.03819454
5625,0.0
5626,669274.7184331603
5627,97268088.53816909
5628,63763003.99156392
5629,271259318.9081532
5630,5792380.136194974
5631,79431536.11217669
5632,78246825.96873862
5633,0.0
5634,25108106.31823107
5635,97429825.47345716
5636,0.0
5637,0.0
5638,108169475.37660377
5639,14803693.971958902
5640,0.0
5641,85636832.78512594
5642,23998506.18285193
5643,5225107.570847916
5644,436100622.19129074
5645,103538707.70694424
5646,32634705.507206853
5647,4452343.170229573
5648,102164834.67526616
5649,0.0
5650,148718112.78357792
5651,63258873.67143427
5652,6352348.120686546
5653,104569249.03024451
5654,132625867.88982593
5655,78465292.60252619
5656,446389360.51060784
5657,0.0
5658,6617717.517011438
5659,26312386.229244925
5660,130489906.58736873
5661,0.0
5662,256194094.88282225
5663,15881435.463419627
5664,10736893.08649671
5665,100813572.31230517
5666,56711829.50387221
5667,17680788.963883415
5668,0.0
5669,10090174.701578483
5670,499259465.0441424
5671,37117945.12928243
5672,0.0
5673,86327393.40162723
5674,22556692.737888955
5675,0.0
5676,0.0
5677,84746665.33527942
5678,118445649.63741884
5679,0.0
5680,19300127.81385766
5681,952311628.7737939
5682,0.0
5683,300726534.2093122
5684,100725414.49396914
5685,10831985.390590737
5686,0.0
5687,123575306.15230468
5688,18238574.01729765
5689,28531086.31043317
5690,2744994.0092098005
5691,79838319.73962031
5692,471708205.7464368
5693,39467378.23453055
5694,79418283.19398579
5695,5896133.745771751
5696,53443529.64420188
5697,0.0
5698,6354840.187816396
5699,0.0
5700,70872043.32094844
5701,1079769.217466399
5702,39873843.95551583
5703,75899646.75149563
5704,26790703.380967416
5705,44822884.36412565
5706,0.0
5707,22497571.51715128
5708,45610161.09756179
5709,30516729.31352496
5710,8072160.221297912
5711,6326143.171254347
5712,174492026.2991075
5713,4565566.525432713
5714,0.0
5715,0.0
5716,0.0
5717,31390439.291675866
5718,21112645.81836209
5719,54885923.67315386
5720,29638084.39718971
5721,100727352.31398968
5722,15585644.425017456
5723,99556347.74905846
5724,0.0
5725,0.0
5726,84505715.45323624
5727,253095139.43290344
5728,13999602.724180644
5729,259424652.26971465
5730,9996329.587714093
5731,0.0
5732,0.0
5733,3577586.64483897
5734,44390448.01765807
5735,3202945.6860838314
5736,116138660.90600666
5737,98441995.964705
5738,113474535.97014669
5739,37277875.04960549
5740,28322555.46992603
5741,192779624.95599785
5742,65010974.27586469
5743,41488265.82444382
5744,0.0
5745,11845279.70182668
5746,72354122.22890548
5747,0.0
5748,137012838.43373862
5749,53594990.99258038
5750,120942171.71999235
5751,110085455.71607529
5752,0.0
5753,316311000.39723206
5754,56456115.94929352
5755,150258035.76946968
5756,45108290.63049862
5757,3385131.1546591218
5758,0.0
5759,8724823.101705857
5760,1075302.0859533343
5761,0.0
5762,235957581.33593097
5763,126390296.76896156
5764,31057025.19159029
5765,40338238.58336975
5766,66005863.9199025
5767,42534742.23536416
5768,16384307.094022648
5769,199156285.2255256
5770,23623508.962016925
5771,37743617.71027247
5772,41830813.7525548
5773,389351983.236902
5774,110475791.93357822
5775,50208628.12598487
5776,24690091.56188958
5777,194489302.94174865
5778,148530237.69938248
5779,360888498.7275076
5780,0.0
5781,103333623.7502938
5782,39372366.11664362
5783,68782230.5269345
5784,0.0
5785,94945401.95910192
5786,16919333.5850123
5787,191749127.97386217
5788,0.0
5789,50820590.71094821
5790,130074805.089237
5791,90634702.02623966
5792,10952894.540739
5793,1164551.7094452379
5794,82054076.59445217
5795,172710065.1680014
5796,0.0
5797,89222117.73534507
5798,0.0
5799,251081781.0019472
5800,0.0
5801,12281655.126952415
5802,0.0
5803,0.0
5804,420021980.49161625
5805,17881493.285932887
5806,0.0
5807,52436305.04966834
5808,65020832.07368682
5809,44491878.60804512
5810,0.0
5811,0.0
5812,79602721.78949171
5813,84053453.5863698
5814,29527387.08537161
5815,0.0
5816,0.0
5817,0.0
5818,6822270.692011125
5819,49404889.35009203
5820,23292983.609477516
5821,0.0
5822,0.0
5823,68731324.55056287
5824,65265500.92232421
5825,12122266.570427533
5826,12524373.639211675
5827,0.0
5828,339245079.26979035
5829,92609087.74440593
5830,37156718.51608965
5831,72754277.61202542
5832,39649565.67814697
5833,45997003.07820618
5834,34812608.60317792
5835,0.0
5836,106671918.19204947
5837,52542447.08306632
5838,0.0
5839,92576966.1974202
5840,0.0
5841,86235776.4079422
5842,87940168.15010695
5843,2299568.1562635787
5844,3224705.156112831
5845,0.0
5846,31777320.42876733
5847,168819114.59671545
5848,78996217.69785185
5849,0.0
5850,36647802.65740172
5851,3294741.1647903807
5852,0.0
5853,70158007.99609388
5854,24532716.911602814
5855,141082132.79651767
5856,30338077.208604515
5857,691339999.2080553
5858,0.0
5859,85257799.68637452
5860,150940736.28161123
5861,0.0
5862,0.0
5863,142333397.0938229
5864,334018802.8461673
5865,19847566.959259927
5866,27436352.65505557
5867,2489731.113779638
5868,60108332.52591386
5869,784330.6524481103
5870,0.0
5871,82512370.65031242
5872,226937020.59316385
5873,13967219.784646085
5874,0.0
5875,67326209.75990021
5876,70548066.00677505
5877,0.0
5878,131097399.6585117
5879,53478238.36768293
5880,101292374.21553862
5881,133327146.46243285
5882,291468995.0790391
5883,0.0
5884,50576391.19002088
5885,0.0
5886,31371992.4575039
5887,400702.3847025968
5888,6545074.151869353
5889,0.0
5890,46585833.42015647
5891,118893886.64300787
5892,18283910.508087903
5893,11690869.016668212
5894,303698340.2273141
5895,24987465.313753866
5896,141861688.13009197
5897,0.0
5898,54744260.73343375
5899,0.0
5900,4171574.966405369
5901,0.0
5902,22548910.12763396
5903,106075098.1440287
5904,121791791.99723384
5905,131555893.51890628
5906,98092836.44124351
5907,972416.4389917272
5908,69466048.5708616
5909,43190558.45921376
5910,97358229.8730326
5911,49970726.22014089
5912,355437148.11415315
5913,76421269.59314393
5914,4397308.866014153
5915,14219071.419049716
5916,72349068.24294403
5917,238031128.5275841
5918,96870454.06580946
5919,70600163.1411958
5920,0.0
5921,59438240.69707617
5922,12262336.90244988
5923,12996166.539259415
5924,25707858.76125379
5925,427656403.71293837
5926,0.0
5927,0.0
5928,156282027.09606564
5929,6605476.566807033
5930,105641837.7617656
5931,59920850.85124269
5932,22731869.23272713
5933,22875268.795800626
5934,117514312.67313182
5935,212464673.7762662
5936,97014036.25374451
5937,31367243.38724609
5938,3608356.675619498
5939,18488563.150828093
5940,153571854.29074392
5941,17679400.763802566
5942,96072015.22347306
5943,9213340.451190222
5944,27410995.28953565
5945,13694312.452920707
5946,0.0
5947,0.0
5948,119141544.28527242
5949,4854850.314333767
5950,264508723.40420285
5951,67839637.85034497
5952,152419.50106742233
5953,116086938.3689774
5954,27198798.54423324
5955,91068492.01196082
5956,97899289.45313162
5957,14387924.33091683
5958,150571186.08936712
5959,35568857.933178484
5960,37076204.49763398
5961,5203182.540748097
5962,0.0
5963,49122235.65911339
5964,86721733.63138327
5965,223677802.7191364
5966,18724209.42863445
5967,299371003.17242336
5968,157644688.18778613
5969,58609902.43711934
5970,24651609.09083773
5971,0.0
5972,49752112.16402521
5973,90040463.55139586
5974,0.0
5975,24099818.95289016
5976,0.0
5977,0.0
5978,1031222183.1134844
5979,6996628.838764953
5980,246334018.09753907
5981,9643719.33465001
5982,205171385.46709704
5983,0.0
5984,51353095.10609005
5985,132048100.57119964
5986,0.0
5987,63191553.84904078
5988,53693190.79549514
5989,0.0
5990,199094174.0897621
5991,0.0
5992,58484833.85236332
5993,75345436.61383823
5994,0.0
5995,39221653.09102013
5996,33680877.237221874
5997,45709651.6702408
5998,226992238.73889992
5999,23182987.49371279
6000,9268781.873251718
6001,7637253.222477878
6002,24253855.89338756
6003,372452225.57558656
6004,30625078.597921096
6005,0.0
6006,19666276.908765376
6007,4221777.95446467
6008,39394770.62847394
6009,105693938.90962236
6010,78382959.63346367
6011,49836344.88129474
6012,15472393.310605645
6013,427608844.2038317
6014,5247480.183020901
6015,53307141.70497823
6016,59771395.40532485
6017,26913979.48458375
6018,39181253.04602848
6019,0.0
6020,0.0
6021,13528045.49846514
6022,0.0
6023,76742197.65571925
6024,2341308.4693900268
6025,15830393.781972162
6026,181371671.3599288
6027,13274368.832320947
6028,235708983.58178592
6029,0.0
6030,299331291.30161905
6031,64709767.61998713
6032,0.0
6033,40945914.19115096
6034,0.0
6035,489821150.53747165
6036,0.0
6037,0.0
6038,0.0
6039,23050240.67808281
6040,102989790.6873315
6041,266423974.6397488
6042,0.0
6043,203641056.26667157
6044,0.0
6045,78463239.40347224
6046,0.0
6047,21876020.7810698
6048,27110469.24515851
6049,6873475.690104943
6050,0.0
6051,0.0
6052,102323229.71787864
6053,0.0
6054,0.0
6055,0.0
6056,47379444.11914973
6057,0.0
6058,73084458.63275029
6059,208101247.87725812
6060,99605760.65607253
6061,85869450.06584793
6062,7222657.060626056
6063,185699291.95571223
6064,0.0
6065,94762035.20661318
6066,56530632.61261131
6067,74367805.23176882
6068,0.0
6069,208623373.9150475
6070,207560360.1120932
6071,448239.0830359757
6072,28440027.085364066
6073,26334562.864427216
6074,1612204.713891424
6075,10296113.048935017
6076,74011749.42110623
6077,3616599.4416392073
6078,81042891.45840725
6079,348626418.8498305
6080,0.0
6081,0.0
6082,11837484.339232614
6083,128328626.16246092
6084,27379994.273859523
6085,44468687.65310549
6086,20123757.472964894
6087,48307883.13917216
6088,11118242.07509005
6089,0.0
6090,353262057.77127147
6091,0.0
6092,0.0
6093,33225296.387024626
6094,177108477.76590934
6095,98916865.2713186
6096,13366193.384694096
6097,29083599.67394909
6098,43971012.42620717
6099,39372295.7806788
6100,51987387.07824518
6101,195451404.01590705
6102,88618554.3803525
6103,111145948.44845933
6104,0.0
6105,0.0
6106,0.0
6107,0.0
6108,82828296.50288197
6109,37573984.88120906
6110,83594328.92392571
6111,0.0
6112,23588410.363506816
6113,34756346.39391474
6114,98695066.97796236
6115,213687970.00131625
6116,0.0
6117,49385954.75070899
6118,88960034.66136213
6119,174775154.41667947
6120,63164143.01745799
6121,1928544.22672984
6122,218667921.61716795
6123,0.0
6124,10250834.87597201
6125,10668572.91815308
6126,9613760.367405036
6127,0.0
6128,416774672.4245364
6129,0.0
6130,0.0
6131,12094272.36439231
6132,0.0
6133,30260232.31420572
6134,76708607.63121851
6135,38235531.52261223
6136,400186906.27500385
6137,136661018.68289402
6138,0.0
6139,655621755.6802335
6140,16506856.82599584
6141,36689117.09140191
6142,0.0
6143,10771395.766326878
6144,13595447.750160573
6145,15459762.928036653
6146,36982260.06445776
6147,149439011.70275018
6148,64898393.94763816
6149,119440882.02414712
6150,390244827.19869035
6151,19373250.68467801
6152,1071557022.7855172
6153,0.0
6154,0.0
6155,179246077.35716638
6156,0.0
6157,25317386.21397916
6158,136581708.53618807
6159,18278165.34350557
6160,26400709.74376779
6161,49169611.32091834
6162,6683344.998944726
6163,0.0
6164,16453929.727741353
6165,44688812.98139232
6166,36857374.98425276
6167,21910101.217036165
6168,21475170.676394776
6169,70434490.31204313
6170,25826970.57771854
6171,20344315.113364607
6172,0.0
6173,13741969.027673654
6174,75503193.2592169
6175,23601223.210402597
6176,24828140.26974653
6177,73240123.92577145
6178,0.0
6179,193076086.33587945
6180,66407615.66762936
6181,1441232.7384054475
6182,278141456.2200179
6183,23706386.965467494
6184,503124569.10031766
6185,14007396.350394955
6186,19870783.28808833
6187,10581529.156121263
6188,57447870.69818567
6189,9760320.671016347
6190,155612844.3987866
6191,10784217.59138194
6192,88104094.94745551
6193,9217476.849325687
6194,0.0
6195,0.0
6196,30162602.13772099
6197,0.0
6198,289784570.91366154
6199,649357292.5012289
6200,0.0
6201,0.0
6202,155151416.97681466
6203,398669976.20122623
6204,2823849.966065925
6205,0.0
6206,73514204.47106573
6207,78717864.21773753
6208,38244398.14864914
6209,0.0
6210,0.0
6211,94448163.7314532
6212,0.0
6213,113443141.30024542
6214,19497775.754389085
6215,28219027.51111697
6216,49933422.51327613
6217,0.0
6218,24157386.70882716
6219,50648258.15847723
6220,0.0
6221,39912521.688067496
6222,0.0
6223,41640483.9105726
6224,48052920.37621417
6225,89705677.6032443
6226,4593381.193038836
6227,0.0
6228,145186653.97523415
6229,0.0
6230,0.0
6231,135662072.58330482
6232,13609388.71842499
6233,196987720.32740209
6234,53350941.8781441
6235,49879919.07000034
6236,33904635.583751805
6237,5440943.200314794
6238,6498663.527815394
6239,161669571.44503134
6240,159416426.54717216
6241,0.0
6242,25275879.23303349
6243,21750015.20803974
6244,109708436.23218788
6245,6921572.518134712
6246,0.0
6247,494505473.4954333
6248,28444245.89486891
6249,6964203.352716971
6250,76968692.4155985
6251,109208188.57822964
6252,52053304.74641907
6253,23156459.940598346
6254,206166854.69922116
6255,3722966.5264610867
6256,25174504.72141826
6257,142849671.8047133
6258,0.0
6259,0.0
6260,4673966.635427777
6261,180151494.68286443
6262,25827656.04907558
6263,41848301.82574486
6264,0.0
6265,2766081.9746784084
6266,1668446.52666571
6267,134081730.10092632
6268,0.0
6269,156320038.8828969
6270,156065659.6223335
6271,256174331.05799705
6272,0.0
6273,85409540.77199113
6274,272019257.10781217
6275,42291813.7159423
6276,25393353.12399453
6277,53658813.63747722
6278,22942034.37483764
6279,36018945.97606701
6280,44766989.67397552
6281,10738786.381834777
6282,249814807.9479857
6283,54184765.31258814
6284,148312624.97118083
6285,47061910.16624503
6286,0.0
6287,26579168.42055481
6288,248145382.89952275
6289,176712733.40990207
6290,0.0
6291,67130813.35326013
6292,248943836.61469743
6293,218910023.35470104
6294,6915003.932424415
6295,399260402.0288655
6296,0.0
6297,61745604.66316174
6298,0.0
6299,0.0
6300,97025753.2456615
6301,43196479.24315471
6302,1583970.9251104053
6303,11029611.097682783
6304,20420188.093175907
6305,166193972.94550684
6306,53414891.45590611
6307,0.0
6308,0.0
6309,0.0
6310,46211231.05352171
6311,0.0
6312,0.0
6313,55797533.4153192
6314,58627596.80156231
6315,7356571.551505025
6316,44871325.2765659
6317,193671256.19945163
6318,101227602.32036118
6319,90635453.33493342
6320,1446870.320923457
6321,202776404.08046493
6322,27832206.04294615
6323,36948605.40112741
6324,38353937.8484979
6325,66877807.29796296
6326,11218438.331083018
6327,17726790.07623983
6328,82115182.10830459
6329,10723924.418716572
6330,1174338.4992925934
6331,109618106.33834848
6332,2651817.782914873
6333,22504397.56170057
6334,0.0
6335,65250078.39826226
6336,35230272.73716534
6337,82615484.55491269
6338,0.0
6339,30657964.968395013
6340,0.0
6341,3253159.356542345
6342,6732180.653200232
6343,94252035.78313616
6344,67247083.45642859
6345,0.0
6346,208370141.09489068
6347,95165045.22085103
6348,14580614.568104144
6349,51730911.21542412
6350,0.0
6351,218143039.5904808
6352,104388311.67487209
6353,13176926.64906548
6354,0.0
6355,0.0
6356,5282962.621336531
6357,0.0
6358,0.0
6359,0.0
6360,10445660.276475124
6361,191866677.51884055
6362,3170902.9174180776
6363,6747325.68966908
6364,14434730.85612075
6365,175887053.16611445
6366,0.0
6367,6398056.316215523
6368,43108392.43279346
6369,21572809.33178592
6370,250175151.84833208
6371,0.0
6372,61971208.95715602
6373,7483474.072716863
6374,20287165.1812988
6375,207119726.0855045
6376,12176392.542196127
6377,11545821.369675506
6378,0.0
6379,209245902.60494947
6380,16256173.2615178
6381,1798685019.9960532
6382,78274404.18867521
6383,52928586.30892116
6384,90056718.40673447
6385,0.0
6386,346105193.70228577
6387,18927977.696892887
6388,0.0
6389,0.0
6390,52103023.81467154
6391,840322.3523783572
6392,95163935.47810982
6393,191294652.20014015
6394,222221966.06553328
6395,0.0
6396,0.0
6397,1079299.656324055
6398,23353374.14197156
6399,3222111.602384422
6400,32030378.635714587
6401,0.0
6402,7593848.0011066785
6403,0.0
6404,40188418.587019935
6405,0.0
6406,3848392.988082722
6407,28155453.35541313
6408,69010547.07327634
6409,96254369.73307891
6410,18003629.557248924
6411,0.0
6412,6451876.111188552
6413,63935664.19141702
6414,350397026.04872316
6415,0.0
6416,3222141.8570048767
6417,136833294.41496125
6418,64196410.98629041
6419,39846177.67514198
6420,61413135.49856546
6421,47208351.86668971
6422,0.0
6423,15265989.090111852
6424,67566617.51499866
6425,49308735.44564994
6426,8105315.205236495
6427,0.0
6428,0.0
6429,36323516.056143984
6430,93014699.90562256
6431,172278354.86553323
6432,136838943.57733813
6433,29578904.61768217
6434,27358523.14053977
6435,58332447.85927439
6436,81100235.57773711
6437,15554093.628087286
6438,43061145.47192742
6439,20351633.82268119
6440,62949046.00829257
6441,13078121.55165216
6442,0.0
6443,46096614.51876931
6444,0.0
6445,363394077.0778168
6446,234326399.2188956
6447,11377112.106252687
6448,0.0
6449,23346212.21535329
6450,15117492.878020592
6451,0.0
6452,93759753.05805436
6453,94178661.62883107
6454,46789166.58897703
6455,39165124.67735325
6456,329429.31907907873
6457,141729425.6258789
6458,0.0
6459,22677440.25263269
6460,148787369.52821118
6461,137894916.60588908
6462,189824409.34886196
6463,0.0
6464,1111127.4383824952
6465,17828720.117975928
6466,17371815.791941553
6467,0.0
6468,0.0
6469,3868824.4690854736
6470,185140.79619157128
6471,0.0
6472,12944774.571079547
6473,27775459.23540837
6474,0.0
6475,0.0
6476,281515472.51424503
6477,77204805.21662757
6478,16735520.19913932
6479,289085251.24617237
6480,74074984.41280623
6481,103246791.39049149
6482,601617.7860177793
6483,247131672.68305588
6484,203264630.23684368
6485,100301904.6697469
6486,0.0
6487,129956811.25426663
6488,88290919.94615704
6489,0.0
6490,0.0
6491,21845721.084864303
6492,14685505.699262975
6493,35988736.01953963
6494,196830801.24104145
6495,44537157.36985984
6496,272681937.87203234
6497,242180784.670282
6498,87852545.69268629
6499,20101612.48250424
6500,0.0
6501,36387220.09721924
6502,130298915.96422818
6503,26780772.003348835
6504,2537796.0463116616
6505,35397500.93917745
6506,0.0
6507,11431237.235354913
6508,96480382.30943568
6509,0.0
6510,0.0
6511,16551967.4027823
6512,52113552.93254928
6513,25247622.55868036
6514,0.0
6515,262802502.14555597
6516,37167487.79931018
6517,3891966.1420187573
6518,3614648.3829707764
6519,93738956.90819898
6520,26881532.25289888
6521,354296352.66591114
6522,50822961.50659159
6523,34851535.20173013
6524,52534534.70044901
6525,51099126.91121863
6526,312354320.1569689
6527,0.0
6528,14552788.212453276
6529,0.0
6530,137571350.14283824
6531,0.0
6532,9277830.451540846
6533,0.0
6534,512055718.06943023
6535,6157307.428996861
6536,36619680.85871531
6537,109740086.8936359
6538,66900367.93270053
6539,276996093.84595966
6540,108367675.78794238
6541,91227005.77210642
6542,39032691.41454586
6543,0.0
6544,27641826.93319264
6545,48603919.13148614
6546,282957070.81146383
6547,0.0
6548,59197375.51382023
6549,95812287.16090845
6550,34726374.11878817
6551,114444568.60083295
6552,83402244.26566915
6553,0.0
6554,51339290.56519178
6555,65886574.4019623
6556,67345186.07341641
6557,13297104.987965548
6558,89250519.48501699
6559,109816508.09415716
6560,237249293.92519236
6561,0.0
6562,89985518.02719404
6563,6979307.353353184
6564,21062137.712952465
6565,18443326.57578498
6566,47228469.64533057
6567,43046626.38523887
6568,34417479.847909205
6569,0.0
6570,100060422.3789917
6571,28210084.21545498
6572,0.0
6573,61574788.07544527
6574,45769064.26768424
6575,4440224.74319369
6576,41895894.18637006
6577,497189.1344460622
6578,119410140.16312422
6579,2136376.2699789144
6580,0.0
6581,63612393.1706302
6582,0.0
6583,0.0
6584,0.0
6585,106318534.34984866
6586,69212184.70119907
6587,8515215.34553454
6588,0.0
6589,69697648.56395082
6590,200541518.8203884
6591,19801176.75654293
6592,175922580.67884725
6593,100902710.94590607
6594,74216025.71774691
6595,0.0
6596,178117187.88627097
6597,0.0
6598,26545963.79627203
6599,7272175.067120223
6600,11788403.408955067
6601,79022953.78691658
6602,638785808.3421009
6603,60931046.85285245
6604,32104089.92933617
6605,216702446.84518602
6606,0.0
6607,104476139.50030752
6608,0.0
6609,0.0
6610,21431786.08702624
6611,0.0
6612,549859014.829959
6613,85945358.36956123
6614,365814640.4930285
6615,0.0
6616,155617262.08326516
6617,79560462.3161308
6618,55083664.70844743
6619,0.0
6620,8967269.32115772
6621,72539166.79729083
6622,134637928.36483023
6623,185847595.92689863
6624,187076594.6985758
6625,109038994.28425002
6626,17999939.455275796
6627,32313524.64509961
6628,0.0
6629,15826261.24709801
6630,2206279.9297972284
6631,4137697.436804112
6632,0.0
6633,0.0
6634,28287592.51767161
6635,0.0
6636,200558420.69616312
6637,78569338.38025041
6638,0.0
6639,10807016.638112538
6640,17399831.52360589
6641,219756875.38213092
6642,195397407.97441235
6643,0.0
6644,0.0
6645,69225725.12065728
6646,47879563.20140528
6647,0.0
6648,65762043.39973624
6649,0.0
6650,711157.738071747
6651,61743476.4146492
6652,0.0
6653,41516741.32435067
6654,189497259.93886223
6655,73048641.38967925
6656,1845669.7344278616
6657,85396259.29479584
6658,1243909.1389540154
6659,0.0
6660,0.0
6661,0.0
6662,31095482.12503338
6663,476464883.1974978
6664,0.0
6665,0.0
6666,12024883.098805506
6667,125597669.45705482
6668,16320766.643917222
6669,39972586.55968031
6670,0.0
6671,27932135.429587536
6672,0.0
6673,75414830.47517225
6674,229537260.70006368
6675,110217619.24003986
6676,0.0
6677,0.0
6678,0.0
6679,418809710.76280683
6680,43428113.23897952
6681,641841651.1083095
6682,12159150.29423555
6683,38289381.49877293
6684,0.0
6685,9091437.33173611
6686,15777018.773247313
6687,94631585.72153191
6688,51235111.96071255
6689,79035165.03823766
6690,213400022.18070555
6691,0.0
6692,613059723.625292
6693,79663737.89031154
6694,88555507.22697072
6695,30235820.748821296
6696,139886048.17670777
6697,31678561.49324371
6698,43741307.39683
6699,395055866.830856
6700,254917908.36877012
6701,63629288.99502429
6702,49512280.24163231
6703,27546113.09289062
6704,0.0
6705,47884365.26386328
6706,47484452.58527333
6707,29528185.61139659
6708,22684486.21790633
6709,0.0
6710,110282511.1388124
6711,20071529.05482133
6712,124733069.95447358
6713,4624342.392788384
6714,0.0
6715,0.0
6716,80778929.54369661
6717,364254242.736225
6718,51367587.49109429
6719,9163502.298042186
6720,0.0
6721,136213280.2257228
6722,0.0
6723,145839593.48004672
6724,50461542.60876229
6725,0.0
6726,129372383.90542796
6727,13901115.989052512
6728,61165.33853936754
6729,16679215.431376096
6730,36574917.19006889
6731,0.0
6732,0.0
6733,52472017.95656826
6734,8293678.443702023
6735,132348293.2548766
6736,0.0
6737,8141871.4349941015
6738,1691017.6804265862
6739,14400876.421867475
6740,0.0
6741,4373758.355069958
6742,119716366.96675588
6743,80856297.5042388
6744,11377836.223838756
6745,325792.15739626443
6746,72150963.33942404
6747,10058220.801564634
6748,0.0
6749,0.0
6750,0.0
6751,63990115.47524008
6752,150941557.2432156
6753,17743755.19531927
6754,82051795.9295518
6755,0.0
6756,186504385.1483588
6757,57767520.82971871
6758,11378617.268180713
6759,125277980.07465364
6760,59319386.5170609
6761,56366207.41532758
6762,0.0
6763,31675599.318313103
6764,0.0
6765,328790068.53077674
6766,0.0
6767,34187518.30247188
6768,172146473.79448718
6769,10516839.772283005
6770,16156869.53481587
6771,0.0
6772,16152084.77681934
6773,5028250.234125987
6774,184340310.43698516
6775,369206460.1959921
6776,0.0
6777,25797566.03154009
6778,85275418.23482105
6779,19551083.727718905
6780,64274517.53962605
6781,6801808.105902852
6782,124218858.08366661
6783,45985895.51926176
6784,0.0
6785,78318122.74268198
6786,0.0
6787,11135855.366741646
6788,0.0
6789,0.0
6790,19158794.36552224
6791,52772266.94740909
6792,342716646.7767006
6793,83118696.79419555
6794,10051236.706685264
6795,0.0
6796,523968086.1306799
6797,47482309.72890969
6798,42709714.41075087
6799,0.0
6800,164898814.52044982
6801,419377160.8908998
6802,5658489.46372094
6803,187192277.851906
6804,0.0
6805,42727038.3005568
6806,11391662.966371652
6807,77220682.09337194
6808,0.0
6809,47517783.40237822
6810,11932209.90783703
6811,61135386.48761648
6812,16113979.82462624
6813,138828884.33975324
6814,1827506.9359881915
6815,18337560.496289067
6816,0.0
6817,0.0
6818,0.0
6819,58931481.37863472
6820,63105329.57580917
6821,19771255.40920465
6822,41435767.46284448
6823,25079209.23904236
6824,190581247.23239505
6825,75941626.43192512
6826,50779094.78612694
6827,3607970.14985612
6828,0.0
6829,3294430.683875859
6830,15336747.53826717
6831,56288994.42897099
6832,73522367.17422071
6833,27543474.33265484
6834,0.0
6835,129748442.89810598
6836,3685944.708140876
6837,176472475.54583693
6838,1623872.5130786113
6839,5246847.70286309
6840,31441140.79749234
6841,38459242.052333795
6842,17485357.883264422
6843,3964066.1516477056
6844,83730697.68677571
6845,25754716.9052763
6846,52885795.78742617
6847,0.0
6848,23151182.25972352
6849,17546798.811010994
6850,95447921.7781006
6851,112550279.69219203
6852,0.0
6853,9948842.203532234
6854,37381134.45015968
6855,47011538.81286094
6856,0.0
6857,5077391.7389843725
6858,12244263.341039855
6859,69720537.69094142
6860,27175314.1782186
6861,69332198.81793505
6862,42711811.01300852
6863,231646759.5129192
6864,0.0
6865,2675506.785030015
6866,168566843.79065302
6867,25369042.31226143
6868,879520609.6078497
6869,37338270.34886825
6870,0.0
6871,57306380.19133499
6872,0.0
6873,51293815.25819841
6874,43995925.96145928
6875,808474.2182166539
6876,60814452.32727552
6877,24687462.12314211
6878,0.0
6879,18743183.729187325
6880,0.0
6881,0.0
6882,215206881.12774396
6883,60489206.25875889
6884,27293015.08625278
6885,0.0
6886,0.0
6887,28777423.24714311
6888,65593181.97270738
6889,8081500.331543201
6890,9774340.362720542
6891,74304593.93436477
6892,160356921.9540939
6893,216755092.33394182
6894,43654515.29246092
6895,0.0
6896,0.0
6897,0.0
6898,30934713.31732493
6899,15158273.571784357
6900,85654302.04709803
6901,69033146.57755995
6902,0.0
6903,66470518.65269882
6904,118366841.71109842
6905,56829801.81100042
6906,281843670.4251913
6907,21685913.46260778
6908,8240989.979036722
6909,0.0
6910,14740260.269547844
6911,9852759.365174001
6912,23375426.93291671
6913,516836099.31154364
6914,175125194.09372833
6915,9938653.232988194
6916,15764687.310211135
6917,525066422.72829336
6918,99047775.97171448
6919,0.0
6920,111535026.66170289
6921,335640122.23495215
6922,11059410.675488796
6923,0.0
6924,3586579.3113151863
6925,18194304.726401147
6926,10246856.904553553
6927,0.0
6928,48619821.73740938
6929,118431351.5054606
6930,264433704.558738
6931,27302197.24104053
6932,5330832.781938702
6933,0.0
6934,153707580.62254208
6935,0.0
6936,41303296.90862296
6937,269344927.5164221
6938,0.0
6939,21741603.86135428
6940,108985904.74487582
6941,81241918.19831716
6942,9087933.698333122
6943,0.0
6944,186875719.43937987
6945,3386785.0055144243
6946,85287750.60253283
6947,3601585.9078756236
6948,25085559.430689305
6949,70186804.20847964
6950,418667315.81861264
6951,0.0
6952,17944584.978234775
6953,19655653.841144025
6954,11683650.181480758
6955,56755749.9008033
6956,2341903.438491855
6957,0.0
6958,0.0
6959,863178.7712065579
6960,91637250.13473032
6961,33817330.26097697
6962,154906431.45028734
6963,29831086.29986656
6964,38601470.71500901
6965,6536919.667061303
6966,60468730.70039068
6967,207718771.1222532
6968,11843012.231656287
6969,0.0
6970,24157028.379537974
6971,111850651.09558758
6972,0.0
6973,97279744.94124874
6974,56593711.20684376
6975,10589139.724257937
6976,7907142.697267517
6977,27468437.08989033
6978,4103872.2411826737
6979,56290818.62526962
6980,57414653.82946208
6981,0.0
6982,108913109.69669384
6983,0.0
6984,157025615.72816432
6985,343859158.2908083
6986,50503217.44085895
6987,0.0
6988,5700305.758270375
6989,7232939.566714417
6990,372146415.93626606
6991,0.0
6992,0.0
6993,0.0
6994,0.0
6995,70552749.33987692
6996,101426522.42113338
6997,0.0
6998,0.0
6999,145585670.23931178
7000,0.0
7001,0.0
7002,26270806.502411466
7003,32973226.48798507
7004,73865861.68549609
7005,0.0
7006,0.0
7007,27528096.388916414
7008,102851332.69973162
7009,0.0
7010,41580209.24713819
7011,41440270.34442671
7012,474234.5337881893
7013,288129.8695355002
7014,0.0
7015,211831003.7170828
7016,340463938.05276936
7017,0.0
7018,1291720.372956168
7019,124803270.40694314
7020,110567306.85304976
7021,36027175.606760755
7022,30420953.88053069
7023,46937797.89691004
7024,0.0
7025,3633189.257431887
7026,243372272.67792028
7027,153820155.59867913
7028,0.0
7029,43588732.373544864
7030,58198935.602439
7031,115047009.98321795
7032,21473625.594655164
7033,12877676.539112436
7034,20831782.656568173
7035,0.0
7036,0.0
7037,1406375.4004042929
7038,54118684.0610503
7039,97805623.25903323
7040,17354736.08176121
7041,89710796.06000358
7042,107146609.02785335
7043,1124795.3294445872
7044,80844741.93773846
7045,35649892.85099447
7046,82268763.77438968
7047,210449278.30415148
7048,7316460.463418948
7049,69215893.59201442
7050,0.0
7051,0.0
7052,81525457.88607666
7053,43827995.74097672
7054,94310423.73119484
7055,106094428.15570368
7056,337285121.97752583
7057,4291638.229865368
7058,0.0
7059,37769436.81384695
7060,20590652.724546768
7061,18235354.86210478
7062,43454456.41560473
7063,0.0
7064,126936315.75219336
7065,45810785.40812802
7066,31270262.70775935
7067,25391967.399690464
7068,33084881.278510705
7069,0.0
7070,202453411.2805237
7071,208125372.48544303
7072,0.0
7073,93568135.78366657
7074,8469280.863813184
7075,83488454.8131245
7076,145814122.04033598
7077,27777689.80252894
7078,75085543.83386916
7079,0.0
7080,2234276.407232564
7081,34445295.80618834
7082,0.0
7083,0.0
7084,15096558.779120367
7085,21721410.15909417
7086,0.0
7087,228286335.05726376
7088,153728964.54658607
7089,14264843.076815896
7090,9944174.863285216
7091,0.0
7092,200599454.0971689
7093,60923375.94126734
7094,49841586.66598471
7095,14211785.030460255
7096,41529768.12224343
7097,104937467.56697951
7098,35544623.273063496
7099,83661002.40324976
7100,23811703.95620501
7101,37371706.72518387
7102,0.0
7103,2318806.664085474
7104,47926363.73143934
7105,73536847.29308248
7106,35207774.047017485
7107,58266492.40283726
7108,4557264.76788016
7109,76476920.64419445
7110,12048432.484854892
7111,0.0
7112,96368002.79228234
7113,139040770.08681393
7114,25750517.75745813
7115,4746777.738569237
7116,8231482.303748388
7117,0.0
7118,19704646.88953644
7119,65183149.11260098
7120,0.0
7121,64148785.60189001
7122,52046757.31625567
7123,0.0
7124,496481070.8583778
7125,151045607.53128704
7126,254911601.88004187
7127,108977993.43122812
7128,18647463.31514614
7129,31115872.850452825
7130,6256098.774430599
7131,10956652.35427504
7132,8851917.6344577
7133,151988004.30740055
7134,55424505.75198674
7135,153690387.23206404
7136,41930331.287576
7137,47824284.62569883
7138,9415815.811078846
7139,378952.4724454842
7140,248525033.94121537
7141,0.0
7142,61713157.93129712
7143,54565901.60904562
7144,0.0
7145,74641171.20322503
7146,0.0
7147,65965756.96859479
7148,38061803.3298081
7149,0.0
7150,0.0
7151,11757364.93367067
7152,81645467.97535273
7153,45307410.30711656
7154,48528001.20076727
7155,506551694.0738024
7156,33057533.74633254
7157,93272112.07834528
7158,0.0
7159,5619803.909447495
7160,0.0
7161,86492913.70507361
7162,338401941.96591973
7163,27069086.429901816
7164,0.0
7165,170911811.04254615
7166,29490030.89704533
7167,0.0
7168,875110.0759383589
7169,375169.2174387574
7170,22420773.899310395
7171,29322302.00011412
7172,14342974.688087095
7173,0.0
7174,2034966.660597656
7175,0.0
7176,19119461.5785334
7177,184114473.80626467
7178,71963437.48404908
7179,182393908.42988795
7180,0.0
7181,4042612.5745626604
7182,102308375.1521297
7183,0.0
7184,705447798.1458024
7185,1785651.3819082303
7186,44099217.471065536
7187,79790613.73833086
7188,69087558.03686593
7189,18812562.14862913
7190,8024455.785731792
7191,0.0
7192,33110931.737253767
7193,5246038.0911326185
7194,175976164.41051948
7195,48193649.13291418
7196,62146489.4986378
7197,3807069.7016586075
7198,15920088.244292507
7199,13213049.174527574
7200,140580497.83619198
7201,0.0
7202,34911126.11655721
7203,0.0
7204,67246448.96254084
7205,278032118.68087614
7206,87563203.20395614
7207,381168109.0270208
7208,43635506.09239255
7209,3110788.955657076
7210,0.0
7211,0.0
7212,43420826.47370985
7213,33802839.62003023
7214,241045516.24318725
7215,104001680.6532846
7216,244067450.9016509
7217,0.0
7218,82131794.24661197
7219,22671734.734344915
7220,79256451.31993304
7221,32890600.538582705
7222,46935801.03047651
7223,0.0
7224,10510100.765899964
7225,0.0
7226,45956480.1873424
7227,116099226.3444776
7228,31238143.95200372
7229,42708715.15492332
7230,0.0
7231,15311580.663248487
7232,304189445.0319475
7233,121613216.75624415
7234,226756309.6796873
7235,52338845.31327661
7236,116126367.32789914
7237,27755255.41175586
7238,0.0
7239,747501542.8375875
7240,79786751.75988436
7241,154576720.099789
7242,35408567.44902709
7243,21287735.741591174
7244,36340371.50099098
7245,0.0
7246,0.0
7247,55142451.53433308
7248,94774400.6800513
7249,0.0
7250,0.0
7251,54372076.00619496
7252,10699138.09017653
7253,18311944.02003384
7254,86331763.75173907
7255,0.0
7256,13783597.129931094
7257,26140171.87508523
7258,68947918.67769873
7259,16681559.057926778
7260,0.0
7261,421170950.15349036
7262,0.0
7263,82370951.7980198
7264,42223045.14733641
7265,7801806.916154526
7266,55938313.48817182
7267,0.0
7268,4086680.5288129337
7269,125714931.00935872
7270,279464914.24351573
7271,0.0
7272,28956187.45644234
7273,7057207.149557915
7274,12525816.960434988
7275,33620002.139211096
7276,0.0
7277,136841427.42764947
7278,251954311.89676237
7279,158930838.44875243
7280,112815174.39469352
7281,41625421.8913914
7282,147123870.68723187
7283,185835140.8884756
7284,0.0
7285,81150647.29970604
7286,139071057.04725343
7287,22102311.122369893
7288,5155104.8937580185
7289,150049711.6404799
7290,28402532.75904469
7291,39618214.661071256
7292,0.0
7293,9993976.1836026
7294,8365989.04707849
7295,82369903.77593683
7296,0.0
7297,30881949.035129905
7298,17848616.20140946
7299,0.0
7300,12400343.172182847
7301,45577049.21762897
7302,0.0
7303,0.0
7304,12263883.662297793
7305,0.0
7306,403740084.67669314
7307,0.0
7308,0.0
7309,23641808.846570544
7310,2935450.7333487463
7311,11556167.167507024
7312,165419973.73612309
7313,219572683.3573826
7314,0.0
7315,11444591.071491115
7316,23189368.14432736
7317,21362403.52995255
7318,144686689.66847172
7319,14777329.947147965
7320,157262250.01316783
7321,0.0
7322,13965809.560350195
7323,41350263.691489205
7324,20819239.497298874
7325,357382075.95525247
7326,229779689.5415401
7327,4657016.240853857
7328,86870302.08461751
7329,128885350.90297118
7330,252685348.38904715
7331,154497562.39751866
7332,56830623.05250418
7333,119346485.3795691
7334,24457853.76148136
7335,58391902.2235985
7336,55368827.920807205
7337,0.0
7338,75145949.21197242
7339,89186533.24579394
7340,894281.7572111579
7341,0.0
7342,119051736.50189614
7343,7116019.420143161
7344,0.0
7345,0.0
7346,4278006.748232912
7347,1220771.049835473
7348,13652195.228941664
7349,133386388.52452356
7350,31902439.38963795
7351,58649204.92033991
7352,0.0
7353,0.0
7354,0.0
7355,65178071.194154
7356,67273802.86056828
7357,0.0
7358,39505701.931006745
7359,113581234.60569678
7360,50552737.01553871
7361,0.0
7362,167025114.36375806
7363,505004126.315238
7364,0.0
7365,61346891.64960991
7366,57177185.27326013
7367,35863053.24976196
7368,15455315.984428246
7369,57676499.63791162
7370,82908021.33508131
7371,0.0
7372,141432184.60241342
7373,462130980.605592
7374,15597788.870733853
7375,65199373.91823106
7376,0.0
7377,63751930.96989989
7378,87240623.4732413
7379,109137567.45115384
7380,51190026.24016224
7381,0.0
7382,0.0
7383,0.0
7384,43455737.19361436
7385,41674399.23693705
7386,32510001.67036673
7387,0.0
7388,8894734.089510303
7389,0.0
7390,0.0
7391,2985294.4789133817
7392,32132489.83571662
7393,474953329.3864622
7394,112699601.28639859
7395,35402873.79224925
7396,50114089.69888957
7397,48290114.9686295
7398,19095428.37237435
